date,selected_method,net_return,benchmark_return,net_active_return,turnover,cost,max_industry_weight,size_exposure,switch,weight_lingxi,weight_lingxi_pitnorm,weight_lingxi_pitnorm_gate_return_floor
2023-01-03,lingxi,0.010926357845019894,0.004790185603119371,0.006136172241900523,0.5,0.0005,0.30000000000000004,0.448190949425733,0.0,1.0,0.0,0.0
2023-01-04,lingxi,0.023046996433881934,0.004216888234827709,0.018830108199054226,0.9,0.0009000000000000001,0.2,-0.25514508747981424,0.0,1.0,0.0,0.0
2023-01-05,lingxi,0.01550950656003322,0.0017165165374408453,0.013792990022592376,0.0,0.0,0.2,-0.21697763137914805,0.0,1.0,0.0,0.0
2023-01-06,lingxi,0.013004389227298336,0.0032101920867111445,0.009794197140587192,0.1,0.0001,0.2,-0.2816303836741927,0.0,1.0,0.0,0.0
2023-01-09,lingxi,0.012151663485076299,0.0047407219318214575,0.007410941553254841,0.0,0.0,0.2,-0.25991624199549257,0.0,1.0,0.0,0.0
2023-01-10,lingxi,0.010807025478082969,0.004835704491661907,0.005971320986421062,0.1,0.0001,0.2,-0.262903008081274,0.0,1.0,0.0,0.0
2023-01-11,lingxi,0.009119767848637923,0.005735089469656975,0.0033846783789809477,0.0,0.0,0.2,-0.2590413398271245,0.0,1.0,0.0,0.0
2023-01-12,lingxi,0.013132402134212892,0.007184171641994383,0.0059482304922185095,0.1,0.0001,0.30000000000000004,-0.21585412837748663,0.0,1.0,0.0,0.0
2023-01-13,lingxi,0.010713662119366056,0.006486438331668923,0.004227223787697133,0.0,0.0,0.30000000000000004,-0.22195793290070576,0.0,1.0,0.0,0.0
2023-01-16,lingxi,0.00351909083292143,0.003942422119970165,-0.0004233312870487349,0.0,0.0,0.30000000000000004,-0.198830941930364,0.0,1.0,0.0,0.0
2023-01-17,lingxi,-0.0032027843318705937,0.002241868388210256,-0.00544465272008085,0.0,0.0,0.30000000000000004,-0.1913361443560504,0.0,1.0,0.0,0.0
2023-01-18,lingxi,0.002144469375107008,0.0045878009595046055,-0.0024433315843975976,0.1,0.0001,0.30000000000000004,-0.29543038149002143,0.0,1.0,0.0,0.0
2023-01-19,lingxi,-0.004377105687188563,0.0028905985933651126,-0.007267704280553676,0.1,0.0001,0.2,-0.26256297460831846,0.0,1.0,0.0,0.0
2023-01-20,lingxi,-0.0038789871477369095,0.00030573247719145504,-0.004184719624928364,0.1,0.0001,0.2,-0.24002583409904155,0.0,1.0,0.0,0.0
2023-01-30,lingxi,-0.008029385214709132,-0.002035914218744329,-0.0059934709959648036,0.1,0.0001,0.2,-0.23479147064024097,0.0,1.0,0.0,0.0
2023-01-31,lingxi,-0.0012871146013227206,-7.713922902314423e-05,-0.0012099753722995764,0.2,0.0002,0.30000000000000004,-0.2821266669651017,0.0,1.0,0.0,0.0
2023-02-01,lingxi,-0.004099467453200363,-0.0034262038744364612,-0.0006732635787639022,0.1,0.0001,0.2,-0.2568009704430896,0.0,1.0,0.0,0.0
2023-02-02,lingxi,0.0019474172899251597,-0.00037088941485986966,0.0023183067047850294,0.2,0.0002,0.2,-0.2652881312919497,0.0,1.0,0.0,0.0
2023-02-03,lingxi,0.0031068210088575987,-6.58913299910306e-05,0.0031727123388486296,0.1,0.0001,0.2,-0.0034416012557478837,0.0,1.0,0.0,0.0
2023-02-06,lingxi,0.003991978661951647,0.0037583386610070936,0.0002336400009445537,0.1,0.0001,0.2,0.017822834471566296,0.0,1.0,0.0,0.0
2023-02-07,lingxi,0.00233976525618987,0.0035444918489720956,-0.0012047265927822258,0.1,0.0001,0.2,0.05590716080697433,0.0,1.0,0.0,0.0
2023-02-08,lingxi,0.010360778041420769,0.0040863984734326115,0.0062743795679881574,0.30000000000000004,0.00030000000000000003,0.2,-0.3622160221309727,0.0,1.0,0.0,0.0
2023-02-09,lingxi,0.006137224316366208,-0.0013442303383332942,0.0074814546546995014,0.30000000000000004,0.00030000000000000003,0.2,-0.7701664135268249,0.0,1.0,0.0,0.0
2023-02-10,lingxi,-0.0013660459131961988,-0.0029914507887371595,0.0016254048755409607,0.2,0.0002,0.30000000000000004,-0.4619136698914179,0.0,1.0,0.0,0.0
2023-02-13,lingxi,0.0009577341928856422,5.2230750343498245e-05,0.0009055034425421439,0.1,0.0001,0.2,-0.3093959230158507,0.0,1.0,0.0,0.0
2023-02-14,lingxi,0.002003727908034372,0.0004350228956916238,0.001568705012342748,0.1,0.0001,0.2,-0.3671546354797073,0.0,1.0,0.0,0.0
2023-02-15,lingxi,-0.002095694310583993,-9.309557545493104e-05,-0.0020025987351290618,0.1,0.0001,0.2,-0.47741225235795604,0.0,1.0,0.0,0.0
2023-02-16,lingxi,0.0005926662144296025,0.0019085176843574585,-0.001315851469927856,0.1,0.0001,0.1,-0.17428066516246332,0.0,1.0,0.0,0.0
2023-02-17,lingxi,0.008249101647055952,0.0030034012905908606,0.005245700356465092,0.0,0.0,0.1,-0.18288919734426123,0.0,1.0,0.0,0.0
2023-02-20,lingxi,-0.004796195085967388,-0.0028192759344282214,-0.001976919151539167,0.1,0.0001,0.1,-0.24305899993828994,0.0,1.0,0.0,0.0
2023-02-21,lingxi,-0.003730486497068599,-0.0021179680561314662,-0.0016125184409371326,0.2,0.0002,0.1,0.0001087670706247934,0.0,1.0,0.0,0.0
2023-02-22,lingxi,0.007027190177413312,0.0015606662791404135,0.005466523898272899,0.2,0.0002,0.1,-0.015209983185005882,0.0,1.0,0.0,0.0
2023-02-23,lingxi,0.012578663476659807,0.0018600540154190813,0.010718609461240727,0.1,0.0001,0.1,-0.15987488429472663,0.0,1.0,0.0,0.0
2023-02-24,lingxi,0.008384274544314535,0.004115149238421944,0.004269125305892591,0.1,0.0001,0.1,-0.2515508337820638,0.0,1.0,0.0,0.0
2023-02-27,lingxi,0.00657325820425784,0.004522302241901731,0.002050955962356109,0.2,0.0002,0.1,-0.23813055100160163,0.0,1.0,0.0,0.0
2023-02-28,lingxi,-0.001920924374223243,2.5350024859755286e-05,-0.0019462743990829982,0.1,0.0001,0.1,-0.3376156999073814,0.0,1.0,0.0,0.0
2023-03-01,lingxi,-0.004535790070668237,-0.0027769911980228563,-0.001758798872645381,0.1,0.0001,0.1,-0.4531911568485665,0.0,1.0,0.0,0.0
2023-03-02,lingxi,-0.00720683712365888,-0.0030549486235440667,-0.0041518885001148136,0.0,0.0,0.1,-0.4436871937091702,0.0,1.0,0.0,0.0
2023-03-03,lingxi,-0.009481102530474305,-0.006700216507995861,-0.0027808860224784442,0.0,0.0,0.1,-0.4600913515052465,0.0,1.0,0.0,0.0
2023-03-06,lingxi,0.001990259851507075,-0.0037099693888451414,0.005700229240352217,0.1,0.0001,0.1,-0.5131283763866428,0.0,1.0,0.0,0.0
2023-03-07,lingxi_pitnorm_gate_return_floor,0.004693661772871157,-0.002180693220163775,0.006874354993034931,0.2,0.0002,0.2,-0.34937079669554194,1.0,0.0,0.0,1.0
2023-03-08,lingxi_pitnorm_gate_return_floor,0.0045441297969547505,-0.0014874660649411217,0.006031595861895872,0.2,0.0002,0.2,-0.3001051748203736,0.0,0.0,0.0,1.0
2023-03-09,lingxi_pitnorm_gate_return_floor,0.0005389734717907026,-0.0037484583307644793,0.004287431802555182,0.2,0.0002,0.2,-0.0249723669686972,0.0,0.0,0.0,1.0
2023-03-10,lingxi_pitnorm_gate_return_floor,0.011048943499099293,0.0007187134850933669,0.010330230014005926,0.30000000000000004,0.00030000000000000003,0.2,0.6318363823242059,0.0,0.0,0.0,1.0
2023-03-13,lingxi_pitnorm_gate_return_floor,0.006477446698577302,-0.002408361127802641,0.008885807826379943,0.2,0.0002,0.1,0.35246816931297076,0.0,0.0,0.0,1.0
2023-03-14,lingxi_pitnorm,0.006407878375880105,0.0007238220904066826,0.0056840562854734225,0.2,0.0002,0.1,0.35551516761892543,1.0,0.0,1.0,0.0
2023-03-15,lingxi_pitnorm,0.011678352986833902,0.0015085257698855303,0.010169827216948372,0.30000000000000004,0.00030000000000000003,0.2,0.3002258738262711,0.0,0.0,1.0,0.0
2023-03-16,lingxi_pitnorm,0.015469347774582642,0.006740499041088435,0.008728848733494207,0.1,0.0001,0.2,0.20461552048255882,0.0,0.0,1.0,0.0
2023-03-17,lingxi_pitnorm,0.00981425170146992,0.004588694877137783,0.0052255568243321365,0.2,0.0002,0.1,0.31930492566402435,0.0,0.0,1.0,0.0
2023-03-20,lingxi_pitnorm,0.0034431774010448926,0.004704112963957009,-0.0012609355629121161,0.1,0.0001,0.2,0.19982088134260323,0.0,0.0,1.0,0.0
2023-03-21,lingxi_pitnorm_gate_return_floor,0.005586268455144306,0.0018160401070818212,0.0037702283480624847,0.2,0.0002,0.1,0.6726781900763434,1.0,0.0,0.0,1.0
2023-03-22,lingxi_pitnorm_gate_return_floor,0.0006367083598613733,0.0007980838942127094,-0.00016137553435133613,0.1,0.0001,0.1,0.7233992152548758,0.0,0.0,0.0,1.0
2023-03-23,lingxi_pitnorm_gate_return_floor,0.000677835308805042,8.030026583625584e-05,0.0005975350429687861,0.4,0.0004,0.2,-0.07251299866010896,0.0,0.0,0.0,1.0
2023-03-24,lingxi_pitnorm_gate_return_floor,0.003131718112473485,0.0015525120613873783,0.0015792060510861066,0.2,0.0002,0.2,-0.3730363664149188,0.0,0.0,0.0,1.0
2023-03-27,lingxi_pitnorm_gate_return_floor,0.008720681695561597,0.004799685321403532,0.003920996374158065,0.30000000000000004,0.00030000000000000003,0.2,-0.16498106723160078,0.0,0.0,0.0,1.0
2023-03-28,lingxi,0.0306770638136745,0.00671017704438708,0.023966886769287418,0.2,0.0002,0.2,-0.13365763228273408,1.0,1.0,0.0,0.0
2023-03-29,lingxi,0.030617578032125742,0.00706583443078067,0.02355174360134507,0.1,0.0001,0.2,-0.23370806601727168,0.0,1.0,0.0,0.0
2023-03-30,lingxi,0.030083664409177563,0.00661139419439586,0.023472270214781703,0.1,0.0001,0.2,-0.26576991280678364,0.0,1.0,0.0,0.0
2023-03-31,lingxi,0.003315246415530837,0.0039036035507668174,-0.0005883571352359803,0.1,0.0001,0.2,-0.17904684743781019,0.0,1.0,0.0,0.0
2023-04-03,lingxi,-0.007270956524091063,0.0016166557510808941,-0.008887612275171958,0.1,0.0001,0.2,-0.36419710039055886,0.0,1.0,0.0,0.0
2023-04-04,lingxi,0.0005092073890923987,0.0011900358137579433,-0.0006808284246655446,0.1,0.0001,0.2,-0.44681589525052523,0.0,1.0,0.0,0.0
2023-04-06,lingxi,-0.009854146943382377,-0.0010679070772438622,-0.008786239866138515,0.0,0.0,0.2,-0.4406603477417317,0.0,1.0,0.0,0.0
2023-04-07,lingxi,-0.011607271539491593,-0.000602839263503393,-0.011004432275988199,0.2,0.0002,0.2,-0.41217738301709694,0.0,1.0,0.0,0.0
2023-04-10,lingxi,0.0014241956375100973,0.0030507965872693,-0.0016266009497592029,0.1,0.0001,0.2,-0.3914346457375135,0.0,1.0,0.0,0.0
2023-04-11,lingxi,0.008976038077593404,0.003382037231014135,0.005594000846579269,0.1,0.0001,0.30000000000000004,-0.5268287246867551,0.0,1.0,0.0,0.0
2023-04-12,lingxi_pitnorm_gate_return_floor,0.006038552618427396,0.0008782770127968876,0.005160275605630508,0.2,0.0002,0.2,-0.1478014914508634,1.0,0.0,0.0,1.0
2023-04-13,lingxi_pitnorm_gate_return_floor,0.022045594921495937,0.0025516922132246735,0.01949390270827126,0.2,0.0002,0.2,-0.3537833191455686,0.0,0.0,0.0,1.0
2023-04-14,lingxi_pitnorm_gate_return_floor,0.004996879514766508,-0.0035440203271896254,0.008540899841956134,0.5,0.0005,0.2,0.06835428802112631,0.0,0.0,0.0,1.0
2023-04-17,lingxi_pitnorm_gate_return_floor,0.008634853412122815,-0.008052553364401334,0.01668740677652415,0.1,0.0001,0.2,0.023157691716743756,0.0,0.0,0.0,1.0
2023-04-18,lingxi_pitnorm_gate_return_floor,0.001098589059705979,-0.01022327957559822,0.011321868635304199,0.2,0.0002,0.2,0.011861979874240092,0.0,0.0,0.0,1.0
2023-04-19,lingxi_pitnorm_gate_return_floor,0.003312282718888944,-0.008600408687701934,0.011912691406590879,0.30000000000000004,0.00030000000000000003,0.2,0.06970893091330055,0.0,0.0,0.0,1.0
2023-04-20,lingxi_pitnorm_gate_return_floor,-0.008628279084642641,-0.007310396743382852,-0.001317882341259789,0.2,0.0002,0.2,0.07240397738913273,0.0,0.0,0.0,1.0
2023-04-21,lingxi_pitnorm_gate_return_floor,0.003753934139160705,-0.0008834978941480309,0.004637432033308736,0.6000000000000001,0.0006000000000000001,0.2,-0.30669892850502833,0.0,0.0,0.0,1.0
2023-04-24,lingxi_pitnorm_gate_return_floor,-0.006736972712715203,0.0017696494371368203,-0.008506622149852023,0.0,0.0,0.2,-0.27252058015155,0.0,0.0,0.0,1.0
2023-04-25,lingxi_pitnorm_gate_return_floor,-0.013236795007050448,0.00227619960064714,-0.015512994607697589,0.0,0.0,0.2,-0.253395656655627,0.0,0.0,0.0,1.0
2023-04-26,lingxi,-0.0052227834724104345,0.005022416019826963,-0.010245199492237397,0.1,0.0001,0.30000000000000004,-0.43338095196316573,1.0,1.0,0.0,0.0
2023-04-27,lingxi,0.0047097431427727664,0.0023023740647289933,0.002407369078043773,0.0,0.0,0.30000000000000004,-0.47829260763850634,0.0,1.0,0.0,0.0
2023-04-28,lingxi,-0.016260149866512467,-0.0014837306992774783,-0.014776419167234989,0.0,0.0,0.30000000000000004,-0.4269290684925586,0.0,1.0,0.0,0.0
2023-05-04,lingxi,-0.014341392100633482,-0.0025212845359131515,-0.011820107564720331,0.2,0.0002,0.30000000000000004,-0.2604487351434557,0.0,1.0,0.0,0.0
2023-05-05,lingxi,-0.010491102448600548,-0.003933361213699032,-0.0065577412349015155,0.1,0.0001,0.30000000000000004,-0.41934877484789723,0.0,1.0,0.0,0.0
2023-05-08,lingxi,-0.0075272522704567385,-0.003473228125428512,-0.004054024145028227,0.1,0.0001,0.4,-0.48174503122977264,0.0,1.0,0.0,0.0
2023-05-09,lingxi,-0.01092675688853026,-0.0027886692884464648,-0.008138087600083796,0.1,0.0001,0.4,-0.23930537997413026,0.0,1.0,0.0,0.0
2023-05-10,lingxi,-0.002906683841778228,-0.0017475006287714762,-0.0011591832130067518,0.1,0.0001,0.30000000000000004,-0.12446076315600507,0.0,1.0,0.0,0.0
2023-05-11,lingxi,0.013659884878498391,-0.0007316981751075522,0.014391583053605944,0.1,0.0001,0.30000000000000004,-0.18722087049874325,0.0,1.0,0.0,0.0
2023-05-12,lingxi,0.008852728920182651,0.0012536445343443421,0.007599084385838309,0.2,0.0002,0.2,0.2285505883160006,0.0,1.0,0.0,0.0
2023-05-15,lingxi,0.0013089839523851721,-0.0011130569151743441,0.0024220408675595163,0.1,0.0001,0.2,0.2761706194463862,0.0,1.0,0.0,0.0
2023-05-16,lingxi,0.0012616552662900805,-0.002635494208198352,0.003897149474488433,0.1,0.0001,0.1,0.20477764882324578,0.0,1.0,0.0,0.0
2023-05-17,lingxi,-0.0019678389031337912,-0.0042811771394615904,0.002313338236327799,0.1,0.0001,0.2,0.1568134125314451,0.0,1.0,0.0,0.0
2023-05-18,lingxi,-0.0059403245362911195,-0.00438236624554409,-0.0015579582907470297,0.1,0.0001,0.2,0.1549886365610469,0.0,1.0,0.0,0.0
2023-05-19,lingxi,-0.0006730166924479408,-0.003264277352599429,0.0025912606601514883,0.1,0.0001,0.2,-0.09386888048558717,0.0,1.0,0.0,0.0
2023-05-22,lingxi_pitnorm_gate_return_floor,-0.0017107501874158947,-0.004511273842153541,0.002800523654737646,0.2,0.0002,0.2,-0.21359579396466621,1.0,0.0,0.0,1.0
2023-05-23,lingxi_pitnorm_gate_return_floor,0.0003069178763542403,-0.0012521844908808802,0.0015591023672351205,0.1,0.0001,0.2,-0.18189789578593718,0.0,0.0,0.0,1.0
2023-05-24,lingxi_pitnorm_gate_return_floor,0.001737788418531814,1.1155259909672839e-05,0.001726633158622141,0.2,0.0002,0.2,-0.1870722175246211,0.0,0.0,0.0,1.0
2023-05-25,lingxi_pitnorm_gate_return_floor,-0.0018814525061914367,-0.00012784265150745592,-0.0017536098546839809,0.2,0.0002,0.2,-0.42404032997637486,0.0,0.0,0.0,1.0
2023-05-26,lingxi_pitnorm_gate_return_floor,-0.0002466356025924042,0.0015459197339763935,-0.0017925553365687977,0.2,0.0002,0.2,-0.1745477931211461,0.0,0.0,0.0,1.0
2023-05-29,lingxi,0.00477126010310804,0.0015449826834276702,0.0032262774196803695,0.1,0.0001,0.2,-0.1992961568328706,1.0,1.0,0.0,0.0
2023-05-30,lingxi,-0.00021452473099366358,-0.0015941710782805111,0.0013796463472868475,0.2,0.0002,0.2,-0.24972249979067485,0.0,1.0,0.0,0.0
2023-05-31,lingxi,-0.0011494063006896081,-0.001499548552111291,0.00035014225142168285,0.30000000000000004,0.00030000000000000003,0.2,-0.48324536872918245,0.0,1.0,0.0,0.0
2023-06-01,lingxi,-0.0036715395143295426,-0.0006400604212280209,-0.003031479093101522,0.2,0.0002,0.2,-0.27354188826860515,0.0,1.0,0.0,0.0
2023-06-02,lingxi,0.008980390066166596,-0.0010857449789375628,0.010066135045104159,0.2,0.0002,0.2,-0.41645246814329795,0.0,1.0,0.0,0.0
2023-06-05,lingxi,0.012584167106263746,0.00016186722441233363,0.012422299881851413,0.0,0.0,0.2,-0.39587390873609785,0.0,1.0,0.0,0.0
2023-06-06,lingxi,0.018470627153733862,0.0037397893475083453,0.014730837806225517,0.2,0.0002,0.2,-0.26607578051500624,0.0,1.0,0.0,0.0
2023-06-07,lingxi,0.02427875579209933,0.0050966965048534745,0.019182059287245853,0.1,0.0001,0.2,-0.6582675741064037,0.0,1.0,0.0,0.0
2023-06-08,lingxi,0.029053047289552176,0.006848839935413543,0.02220420735413863,0.0,0.0,0.2,-0.6644865949933134,0.0,1.0,0.0,0.0
2023-06-09,lingxi,0.02834292706418711,0.007082479655702234,0.021260447408484876,0.0,0.0,0.2,-0.6341578806871802,0.0,1.0,0.0,0.0
2023-06-12,lingxi,0.028209727285511722,0.0060509624733262515,0.02215876481218547,0.2,0.0002,0.2,-0.43543798586484783,0.0,1.0,0.0,0.0
2023-06-13,lingxi,0.026725064670676164,0.00448889182068376,0.022236172849992405,0.1,0.0001,0.2,-0.5486675825856242,0.0,1.0,0.0,0.0
2023-06-14,lingxi,0.016989670107382733,0.00023790736153125332,0.01675176274585148,0.2,0.0002,0.2,-0.39193803350168466,0.0,1.0,0.0,0.0
2023-06-15,lingxi,0.0046663855167809395,-0.005256074837118178,0.009922460353899118,0.1,0.0001,0.2,-0.5308368829977699,0.0,1.0,0.0,0.0
2023-06-16,lingxi,-0.0036943266188458183,-0.004967005066926626,0.0012726784480808074,0.0,0.0,0.2,-0.5105245166919161,0.0,1.0,0.0,0.0
2023-06-19,lingxi,-0.017384378255874137,-0.004876155682963005,-0.012508222572911131,0.1,0.0001,0.2,-0.3995761900001149,0.0,1.0,0.0,0.0
2023-06-20,lingxi,-0.017489986573229706,-0.004830060616468795,-0.01265992595676091,0.0,0.0,0.2,-0.38276114721041665,0.0,1.0,0.0,0.0
2023-06-21,lingxi,-0.010015999007138888,0.0003964827510129838,-0.010412481758151872,0.0,0.0,0.2,-0.3903808989447306,0.0,1.0,0.0,0.0
2023-06-26,lingxi,-0.007028362813197101,0.0053828255606814465,-0.012411188373878546,0.1,0.0001,0.2,-0.284670779855567,0.0,1.0,0.0,0.0
2023-06-27,lingxi,-0.0012667979308815646,0.0035814174228877916,-0.004848215353769356,0.2,0.0002,0.2,-0.27359445383448033,0.0,1.0,0.0,0.0
2023-06-28,lingxi,-0.0008193469379313223,0.0025748773029257827,-0.003394224240857105,0.0,0.0,0.2,-0.29922251528082455,0.0,1.0,0.0,0.0
2023-06-29,lingxi,-0.004007667911213906,0.0018774992424490078,-0.005885167153662914,0.30000000000000004,0.00030000000000000003,0.2,-0.36642846716092414,0.0,1.0,0.0,0.0
2023-06-30,lingxi,-0.008285091875703528,-0.0005338761546082444,-0.007751215721095284,0.0,0.0,0.2,-0.36524273151950126,0.0,1.0,0.0,0.0
2023-07-03,lingxi,-0.004382066350664569,-0.0018966269709825682,-0.002485439379682001,0.0,0.0,0.2,-0.39728647409119944,0.0,1.0,0.0,0.0
2023-07-04,lingxi,-0.0036399565087342654,-0.0011322512938492092,-0.002507705214885056,0.1,0.0001,0.2,-0.3843912255387014,0.0,1.0,0.0,0.0
2023-07-05,lingxi_pitnorm,0.002518314186586892,-0.0012378229754893325,0.0037561371620762245,0.2,0.0002,0.30000000000000004,0.07282089601869757,1.0,0.0,1.0,0.0
2023-07-06,lingxi_pitnorm,0.005384638006104235,0.0029606769634186675,0.0024239610426855674,0.2,0.0002,0.30000000000000004,-0.30435530238215236,0.0,0.0,1.0,0.0
2023-07-07,lingxi_pitnorm,0.002273415497945442,0.003762424326425179,-0.001489008828479737,0.30000000000000004,0.00030000000000000003,0.2,0.12233621775226666,0.0,0.0,1.0,0.0
2023-07-10,lingxi_pitnorm,0.0007511014468151371,0.0019967074005773984,-0.0012456059537622613,0.4,0.0004,0.2,0.18185207893140287,0.0,0.0,1.0,0.0
2023-07-11,lingxi_pitnorm,-0.0021063911117193634,0.00022876852198210583,-0.002335159633701469,0.4,0.0004,0.2,-0.0983181871192329,0.0,0.0,1.0,0.0
2023-07-12,lingxi,0.00424959314415984,0.0018981883797220445,0.0023514047644377953,0.1,0.0001,0.30000000000000004,-0.05872893382343136,1.0,1.0,0.0,0.0
2023-07-13,lingxi,-0.01401781983350979,-0.00325367091859712,-0.01076414891491267,0.1,0.0001,0.2,0.10498171218936747,0.0,1.0,0.0,0.0
2023-07-14,lingxi,-0.01048575981108178,-0.0036059424332806006,-0.00687981737780118,0.30000000000000004,0.00030000000000000003,0.1,-0.19245934806185794,0.0,1.0,0.0,0.0
2023-07-17,lingxi,-0.012245922575779769,-0.0033623861904778693,-0.008883536385301899,0.2,0.0002,0.1,-0.074499944411901,0.0,1.0,0.0,0.0
2023-07-18,lingxi,-0.009348246002740554,0.002032723538746572,-0.011380969541487125,0.2,0.0002,0.1,-0.08391637422007392,0.0,1.0,0.0,0.0
2023-07-19,lingxi,-0.009023452726749459,0.001617643429660829,-0.010641096156410288,0.1,0.0001,0.2,-0.21437284765548803,0.0,1.0,0.0,0.0
2023-07-20,lingxi,-0.005039389943607915,0.0030592374676837513,-0.008098627411291666,0.4,0.0004,0.2,-0.06992108474412717,0.0,1.0,0.0,0.0
2023-07-21,lingxi,-0.0007130053985120875,0.007457782732821663,-0.008170788131333751,0.1,0.0001,0.2,-0.2271754070443368,0.0,1.0,0.0,0.0
2023-07-24,lingxi,0.0004899343438753579,0.009247130459164702,-0.008757196115289344,0.1,0.0001,0.2,-0.21866863882778276,0.0,1.0,0.0,0.0
2023-07-25,lingxi,0.0005797931009730939,0.0035376735170376517,-0.0029578804160645578,0.1,0.0001,0.2,-0.37584361737917327,0.0,1.0,0.0,0.0
2023-07-26,lingxi_pitnorm_gate_return_floor,0.0034118091481997984,0.002804856963047402,0.0006069521851523965,0.1,0.0001,0.2,-0.351533774345258,1.0,0.0,0.0,1.0
2023-07-27,lingxi_pitnorm_gate_return_floor,0.011189268214104745,0.005163808863075199,0.006025459351029546,0.2,0.0002,0.2,-0.40437486153071234,0.0,0.0,0.0,1.0
2023-07-28,lingxi_pitnorm_gate_return_floor,0.003955193194459732,0.002142732590203878,0.0018124606042558542,0.2,0.0002,0.2,-0.4179150075447673,0.0,0.0,0.0,1.0
2023-07-31,lingxi_pitnorm_gate_return_floor,0.013317821351918403,-0.00034800307282198243,0.013665824424740385,0.30000000000000004,0.00030000000000000003,0.2,-0.26657244582576745,0.0,0.0,0.0,1.0
2023-08-01,lingxi_pitnorm_gate_return_floor,0.002683231283720922,-0.000627149738893273,0.003310381022614195,0.6000000000000001,0.0006000000000000001,0.30000000000000004,-0.031884049545706006,0.0,0.0,0.0,1.0
2023-08-02,lingxi_pitnorm,0.0011358004837821345,-0.0004973081403731132,0.0016331086241552478,0.2,0.0002,0.2,0.014416227502941581,1.0,0.0,1.0,0.0
2023-08-03,lingxi_pitnorm,-0.0009979048031155946,-0.001175122754640752,0.0001772179515251574,0.2,0.0002,0.2,-0.05622836664248254,0.0,0.0,1.0,0.0
2023-08-04,lingxi_pitnorm,-0.0071895041887687205,-0.00648567411391561,-0.0007038300748531106,0.2,0.0002,0.2,0.08910029397943475,0.0,0.0,1.0,0.0
2023-08-07,lingxi_pitnorm,-0.00433954290166957,-0.005699208187939596,0.0013596652862700263,0.2,0.0002,0.2,-0.07598520255696073,0.0,0.0,1.0,0.0
2023-08-08,lingxi_pitnorm,-0.004575695782731974,-0.005912211919065302,0.0013365161363333277,0.30000000000000004,0.00030000000000000003,0.2,-0.07678368885305176,0.0,0.0,1.0,0.0
2023-08-09,lingxi,0.0025697924212857172,-0.006705449873100487,0.009275242294386204,0.2,0.0002,0.2,-0.3748238876834691,1.0,1.0,0.0,0.0
2023-08-10,lingxi,-0.0018001704742196846,-0.006731276375067517,0.004931105900847833,0.2,0.0002,0.2,-0.2687848077253481,0.0,1.0,0.0,0.0
2023-08-11,lingxi,0.0005725038890077339,-0.005073219856367311,0.005645723745375045,0.1,0.0001,0.2,-0.2321462334997655,0.0,1.0,0.0,0.0
2023-08-14,lingxi,-0.0028255566638080575,-0.0070580546868856935,0.0042324980230776365,0.1,0.0001,0.2,0.040879106373377994,0.0,1.0,0.0,0.0
2023-08-15,lingxi,0.00019880294522182996,-0.00461723852911052,0.00481604147433235,0.2,0.0002,0.2,-0.07445122050846464,0.0,1.0,0.0,0.0
2023-08-16,lingxi_pitnorm,-0.012766023143608767,-0.006422631861208406,-0.006343391282400361,0.30000000000000004,0.00030000000000000003,0.2,-0.04224845139527034,1.0,0.0,1.0,0.0
2023-08-17,lingxi_pitnorm,-0.006333658197821883,-0.00654227600152653,0.00020861780370464746,0.1,0.0001,0.2,0.11570547122570929,0.0,0.0,1.0,0.0
2023-08-18,lingxi_pitnorm,-0.0002556550755165163,-0.00532301661527523,0.005067361539758714,0.30000000000000004,0.00030000000000000003,0.2,0.35737666019603154,0.0,0.0,1.0,0.0
2023-08-21,lingxi_pitnorm,0.003988759948653685,-0.00019574918404935467,0.00418450913270304,0.2,0.0002,0.30000000000000004,-0.005014769992811807,0.0,0.0,1.0,0.0
2023-08-22,lingxi_pitnorm,0.009459214539570365,0.0006117147555507645,0.008847499784019601,0.30000000000000004,0.00030000000000000003,0.2,-0.1939110378099791,0.0,0.0,1.0,0.0
2023-08-23,lingxi_pitnorm,0.014133425110099431,0.004673394546788478,0.009460030563310953,0.2,0.0002,0.2,-0.15973473484273626,0.0,0.0,1.0,0.0
2023-08-24,lingxi_pitnorm,0.010913374003443286,0.0026208571018582444,0.00829251690158504,0.30000000000000004,0.00030000000000000003,0.2,0.22436380571519265,0.0,0.0,1.0,0.0
2023-08-25,lingxi_pitnorm,0.006300227434172682,0.005367578181986169,0.0009326492521865128,0.2,0.0002,0.2,0.20106579071672925,0.0,0.0,1.0,0.0
2023-08-28,lingxi_pitnorm,0.008056980723421278,0.0056553584530762094,0.0024016222703450683,0.30000000000000004,0.00030000000000000003,0.2,0.1472157586481586,0.0,0.0,1.0,0.0
2023-08-29,lingxi_pitnorm,0.002328911934190237,0.0016898886126284038,0.000639023321561833,0.1,0.0001,0.30000000000000004,0.15745734495264685,0.0,0.0,1.0,0.0
2023-08-30,lingxi,-0.005734647818894219,0.0009222849936939561,-0.006656932812588175,0.1,0.0001,0.30000000000000004,-0.00631631519800635,1.0,1.0,0.0,0.0
2023-08-31,lingxi,-0.004448420335152488,-0.000790178540468308,-0.00365824179468418,0.1,0.0001,0.2,-0.3151457677400842,0.0,1.0,0.0,0.0
2023-09-01,lingxi,-0.0019139967203340724,-0.002675338008266556,0.0007613412879324836,0.1,0.0001,0.2,-0.28931213096644726,0.0,1.0,0.0,0.0
2023-09-04,lingxi,-0.001702200865153345,-0.003396302003439662,0.001694101138286317,0.1,0.0001,0.2,-0.440757855388334,0.0,1.0,0.0,0.0
2023-09-05,lingxi,-0.0031272574201583847,-0.0024426826482686855,-0.0006845747718896992,0.2,0.0002,0.2,-0.1210021696219652,0.0,1.0,0.0,0.0
2023-09-06,lingxi,-0.004088850664114521,-0.0035488020260226625,-0.0005400486380918584,0.1,0.0001,0.2,-0.00023157974726828456,0.0,1.0,0.0,0.0
2023-09-07,lingxi,-0.0024918126352026122,-0.001024747724615586,-0.0014670649105870263,0.1,0.0001,0.2,-0.14851846434302018,0.0,1.0,0.0,0.0
2023-09-08,lingxi,-0.001372932431114562,-0.001157546130804371,-0.00021538630031019091,0.1,0.0001,0.2,-0.19980570086306848,0.0,1.0,0.0,0.0
2023-09-11,lingxi,-0.0009170621487593953,-0.0027069850897945766,0.0017899229410351814,0.2,0.0002,0.30000000000000004,-0.15795237030311426,0.0,1.0,0.0,0.0
2023-09-12,lingxi,-0.001763070836823368,-0.0028778079408576123,0.0011147371040342443,0.1,0.0001,0.2,-0.4273975280890916,0.0,1.0,0.0,0.0
2023-09-13,lingxi,-0.0012991851908691898,-0.00215932658152814,0.0008601413906589501,0.1,0.0001,0.2,-0.26663572338902064,0.0,1.0,0.0,0.0
2023-09-14,lingxi,-0.0032105527146438642,-0.003271103289446862,6.055057480299766e-05,0.0,0.0,0.2,-0.26180813198863717,0.0,1.0,0.0,0.0
2023-09-15,lingxi,-0.0037760357367738486,0.0008884784586357353,-0.004664514195409584,0.1,0.0001,0.2,-0.40844974901889053,0.0,1.0,0.0,0.0
2023-09-18,lingxi,-0.0037668912106545503,-0.0007298941107638557,-0.0030369970998906947,0.1,0.0001,0.2,-0.4558070771239642,0.0,1.0,0.0,0.0
2023-09-19,lingxi,-0.00029008817660570275,-0.0008137114171578805,0.0005236232405521778,0.1,0.0001,0.2,-0.5047366853399531,0.0,1.0,0.0,0.0
2023-09-20,lingxi,0.003610573738014609,0.0009470314648759984,0.0026635422731386103,0.1,0.0001,0.2,-0.5865933253204734,0.0,1.0,0.0,0.0
2023-09-21,lingxi,0.004313984747205231,0.002363336039882012,0.0019506487073232188,0.0,0.0,0.2,-0.5814344172889037,0.0,1.0,0.0,0.0
2023-09-22,lingxi,0.0036967902165024507,-0.001033530894068246,0.004730321110570697,0.2,0.0002,0.1,-0.3705912997708438,0.0,1.0,0.0,0.0
2023-09-25,lingxi,0.0028751701688193875,-0.0016183526144639758,0.004493522783283363,0.1,0.0001,0.1,-0.5352049319491243,0.0,1.0,0.0,0.0
2023-09-26,lingxi,0.00011328523520920842,-0.0005212419381477218,0.0006345271733569302,0.0,0.0,0.1,-0.505050760188686,0.0,1.0,0.0,0.0
2023-09-27,lingxi,0.0032604963334824364,0.0004230679412123643,0.0028374283922700722,0.1,0.0001,0.2,-0.4046510228584346,0.0,1.0,0.0,0.0
2023-09-28,lingxi,0.0032155200296300106,-0.0016062638045823672,0.004821783834212378,0.1,0.0001,0.2,-0.3456553127243609,0.0,1.0,0.0,0.0
2023-10-09,lingxi,-0.0034826012709290068,-0.0033842677636606805,-9.833350726832623e-05,0.2,0.0002,0.2,-0.24017775844206923,0.0,1.0,0.0,0.0
2023-10-10,lingxi,0.0006915401215584585,-0.0008715114967146874,0.001563051618273146,0.2,0.0002,0.2,-0.5096640087870288,0.0,1.0,0.0,0.0
2023-10-11,lingxi,-0.004990818589667171,-0.0034885875714287438,-0.0015022310182384274,0.2,0.0002,0.2,-0.5307755135211405,0.0,1.0,0.0,0.0
2023-10-12,lingxi_pitnorm_gate_return_floor,-0.005755502956968463,-0.008524008973926158,0.0027685060169576952,0.30000000000000004,0.00030000000000000003,0.2,-0.41896057810916076,1.0,0.0,0.0,1.0
2023-10-13,lingxi_pitnorm_gate_return_floor,-0.005364339172937298,-0.00783351218974889,0.002469173016811591,0.1,0.0001,0.2,-0.4308829586627283,0.0,0.0,0.0,1.0
2023-10-16,lingxi_pitnorm_gate_return_floor,-0.0033801163422238667,-0.008811742026548344,0.005431625684324478,0.1,0.0001,0.2,-0.3436352000531766,0.0,0.0,0.0,1.0
2023-10-17,lingxi_pitnorm_gate_return_floor,-0.006682434915478204,-0.008136451783909471,0.0014540168684312677,0.2,0.0002,0.2,-0.3531961530608303,0.0,0.0,0.0,1.0
2023-10-18,lingxi_pitnorm_gate_return_floor,-0.0048905783734992945,-0.005504314188514761,0.0006137358150154664,0.2,0.0002,0.2,-0.3775289214319386,0.0,0.0,0.0,1.0
2023-10-19,lingxi,-0.0015292944853496813,-0.0018729833167924572,0.00034368883144277594,0.2,0.0002,0.2,-0.32507589320745467,1.0,1.0,0.0,0.0
2023-10-20,lingxi,0.0032630407801504018,0.0026445145469183554,0.0006185262332320464,0.0,0.0,0.2,-0.32502509096348753,0.0,1.0,0.0,0.0
2023-10-23,lingxi,0.0019266333839367356,0.006977100091880188,-0.005050466707943453,0.1,0.0001,0.2,-0.3377630944379284,0.0,1.0,0.0,0.0
2023-10-24,lingxi,-0.000906273300260214,0.004646669998427151,-0.005552943298687365,0.1,0.0001,0.2,-0.37881159642717677,0.0,1.0,0.0,0.0
2023-10-25,lingxi,-0.003563586537115511,0.0032324441093567087,-0.006796030646472219,0.2,0.0002,0.2,-0.34089159093739063,0.0,1.0,0.0,0.0
2023-10-26,lingxi_pitnorm,-0.0025793908119642705,0.0015367750632591967,-0.004116165875223467,0.2,0.0002,0.2,-0.24311960733297688,1.0,0.0,1.0,0.0
2023-10-27,lingxi_pitnorm,-0.0018534108883006307,0.00026293039793008865,-0.0021163412862307196,0.2,0.0002,0.1,-0.12068168959656767,0.0,0.0,1.0,0.0
2023-10-30,lingxi_pitnorm,0.001118112745473401,0.002036378000286176,-0.0009182652548127752,0.30000000000000004,0.00030000000000000003,0.1,0.28630473269856793,0.0,0.0,1.0,0.0
2023-10-31,lingxi_pitnorm,0.003635811812879371,0.0028087814891842137,0.0008270303236951573,0.1,0.0001,0.2,0.29403423672935247,0.0,0.0,1.0,0.0
2023-11-01,lingxi_pitnorm,0.005142504550349029,0.0034379447583704355,0.0017045597919785938,0.1,0.0001,0.1,0.19755357876449153,0.0,0.0,1.0,0.0
2023-11-02,lingxi_pitnorm,0.00757083971991259,0.005326533698260421,0.0022443060216521685,0.2,0.0002,0.2,0.1835815339856275,0.0,0.0,1.0,0.0
2023-11-03,lingxi_pitnorm,0.005412640812824519,0.0021866654836580545,0.0032259753291664648,0.2,0.0002,0.2,-0.030622759338147176,0.0,0.0,1.0,0.0
2023-11-06,lingxi_pitnorm,0.0017325025558604362,-0.0007377487492532835,0.0024702513051137196,0.30000000000000004,0.00030000000000000003,0.2,0.34737630980182743,0.0,0.0,1.0,0.0
2023-11-07,lingxi_pitnorm,0.002695844920204309,-0.0003012674788282292,0.0029971123990325385,0.30000000000000004,0.00030000000000000003,0.2,0.23766035808957753,0.0,0.0,1.0,0.0
2023-11-08,lingxi_pitnorm,0.004470381767835163,0.001392615384537486,0.0030777663832976775,0.2,0.0002,0.30000000000000004,0.6716632318535893,0.0,0.0,1.0,0.0
2023-11-09,lingxi,-0.002423308841979279,-0.0011857205438558314,-0.0012375882981234478,0.0,0.0,0.2,-0.1534113655324667,1.0,1.0,0.0,0.0
2023-11-10,lingxi,-0.00016711612680155388,0.0002032112861638905,-0.0003703274129654444,0.4,0.0004,0.2,0.02540879916091754,0.0,1.0,0.0,0.0
2023-11-13,lingxi,0.0008113996825345884,0.00032406193270045414,0.00048733774983413425,0.2,0.0002,0.2,-0.09733587942518085,0.0,1.0,0.0,0.0
2023-11-14,lingxi,-0.00021693913439650974,-0.0003931947487283586,0.00017625561433184885,0.2,0.0002,0.2,-0.06962270388372716,0.0,1.0,0.0,0.0
2023-11-15,lingxi,-0.0042104066983930195,-0.004001775612138133,-0.00020863108625488683,0.1,0.0001,0.2,-0.08780657669167446,0.0,1.0,0.0,0.0
2023-11-16,lingxi,0.0001231141421589533,-0.0006048555431360396,0.0007279696852949928,0.1,0.0001,0.30000000000000004,-0.16230121971985056,0.0,1.0,0.0,0.0
2023-11-17,lingxi,-0.006698457262236009,-0.0024193939341024817,-0.004279063328133527,0.30000000000000004,0.00030000000000000003,0.2,-0.35845834950890776,0.0,1.0,0.0,0.0
2023-11-20,lingxi,-0.003836739545585253,-0.0037045222421272493,-0.00013221730345800353,0.2,0.0002,0.2,-0.014726950718269904,0.0,1.0,0.0,0.0
2023-11-21,lingxi,0.0032798596864724865,-0.003029685560388822,0.006309545246861309,0.1,0.0001,0.2,0.010686296029106757,0.0,1.0,0.0,0.0
2023-11-22,lingxi,0.001798861466171169,-0.002211801710481984,0.004010663176653153,0.2,0.0002,0.2,-0.0847993734609851,0.0,1.0,0.0,0.0
2023-11-23,lingxi,0.004247310994474168,-0.003150007858682661,0.007397318853156828,0.2,0.0002,0.2,0.017878156790555266,0.0,1.0,0.0,0.0
2023-11-24,lingxi,0.00881324605860966,-0.0016274812354181577,0.010440727294027818,0.2,0.0002,0.2,0.047392764066039206,0.0,1.0,0.0,0.0
2023-11-27,lingxi,0.006465562237166504,-0.0018358424069997471,0.00830140464416625,0.1,0.0001,0.2,0.07409624394795244,0.0,1.0,0.0,0.0
2023-11-28,lingxi,-0.0016885812426302028,-0.0059140679693380615,0.0042254867267078585,0.1,0.0001,0.2,-0.30292821846112616,0.0,1.0,0.0,0.0
2023-11-29,lingxi,0.0024320292711797636,-0.00412245211846635,0.006554481389646113,0.1,0.0001,0.2,-0.2825642065136691,0.0,1.0,0.0,0.0
2023-11-30,lingxi,0.00011716411882719775,-0.004772412515356214,0.004889576634183411,0.1,0.0001,0.2,-0.26143161553881455,0.0,1.0,0.0,0.0
2023-12-01,lingxi,0.003964015289229545,-0.003716391762011359,0.007680407051240904,0.1,0.0001,0.2,-0.3197799750907766,0.0,1.0,0.0,0.0
2023-12-04,lingxi,0.007974937644725384,-0.001129937635990316,0.009104875280715699,0.2,0.0002,0.2,0.1362998531980466,0.0,1.0,0.0,0.0
2023-12-05,lingxi,0.009618472854358748,0.002682980249289365,0.006935492605069383,0.0,0.0,0.2,0.13713062645201646,0.0,1.0,0.0,0.0
2023-12-06,lingxi,0.0038101389838614626,-0.0006620289201416085,0.004472167904003071,0.1,0.0001,0.2,0.15347977937218005,0.0,1.0,0.0,0.0
2023-12-07,lingxi,0.0005918620986683455,-0.0012262863800661472,0.0018181484787344927,0.1,0.0001,0.1,0.10167408177181869,0.0,1.0,0.0,0.0
2023-12-08,lingxi,-0.00611784256397069,-0.0029475637904161373,-0.0031702787735545523,0.2,0.0002,0.2,-0.22963286497127555,0.0,1.0,0.0,0.0
2023-12-11,lingxi,-0.008760004676629702,-0.005697028925445405,-0.003062975751184297,0.1,0.0001,0.2,-0.2451467076356728,0.0,1.0,0.0,0.0
2023-12-12,lingxi,-0.0076261783661791815,-0.0057551984233281655,-0.001870979942851016,0.0,0.0,0.2,-0.2613242971036005,0.0,1.0,0.0,0.0
2023-12-13,lingxi,-0.009837697151020511,-0.005083960243958135,-0.004753736907062376,0.1,0.0001,0.2,-0.40008578548972196,0.0,1.0,0.0,0.0
2023-12-14,lingxi_pitnorm_gate_return_floor,-0.002539345384838236,-0.002315738427400701,-0.00022360695743753496,0.1,0.0001,0.2,-0.44094088461688585,1.0,0.0,0.0,1.0
2023-12-15,lingxi_pitnorm_gate_return_floor,-0.002584949699915486,-0.001503398346900152,-0.0010815513530153338,0.5,0.0005,0.2,0.0666157614300662,0.0,0.0,0.0,1.0
2023-12-18,lingxi_pitnorm_gate_return_floor,-0.007411893045224957,0.0006171730568547521,-0.008029066102079709,0.2,0.0002,0.2,-0.40521916548718373,0.0,0.0,0.0,1.0
2023-12-19,lingxi_pitnorm_gate_return_floor,0.0016367560459204784,-0.0009112458310693574,0.002548001876989836,0.5,0.0005,0.2,-0.2985600826229913,0.0,0.0,0.0,1.0
2023-12-20,lingxi_pitnorm_gate_return_floor,0.004454154259524521,0.002309628701953331,0.0021445255575711897,0.1,0.0001,0.2,-0.30662275593724253,0.0,0.0,0.0,1.0
2023-12-21,lingxi_pitnorm_gate_return_floor,0.0010227808682290295,0.005132075992464917,-0.004109295124235888,0.1,0.0001,0.2,-0.4839150333328899,0.0,0.0,0.0,1.0
2023-12-22,lingxi_pitnorm_gate_return_floor,0.01009285871744481,0.005993453324320684,0.004099405393124126,0.2,0.0002,0.2,-0.6224647149204827,0.0,0.0,0.0,1.0
2023-12-25,lingxi_pitnorm_gate_return_floor,0.004864096335765741,0.003179569355001312,0.0016845269807644289,0.2,0.0002,0.2,-0.47998232288558995,0.0,0.0,0.0,1.0
2023-12-26,lingxi_pitnorm_gate_return_floor,0.0024871570630129484,0.00422197794742661,-0.0017348208844136619,0.30000000000000004,0.00030000000000000003,0.2,-0.4251365906878828,0.0,0.0,0.0,1.0
2023-12-27,lingxi_pitnorm_gate_return_floor,0.0017864236490071675,0.001304742194574916,0.00048168145443225146,0.2,0.0002,0.1,-0.10796040585392142,0.0,0.0,0.0,1.0
2023-12-28,lingxi_pitnorm_gate_return_floor,-0.0037569441389751776,-0.004913835342482484,0.0011568912035073067,0.30000000000000004,0.00030000000000000003,0.1,-0.2750908032672381,0.0,0.0,0.0,1.0
2023-12-29,lingxi_pitnorm_gate_return_floor,-0.00019112549208221338,-0.008588863754371616,0.008397738262289402,0.30000000000000004,0.00030000000000000003,0.2,-0.11112961848810521,0.0,0.0,0.0,1.0
2024-01-02,lingxi_pitnorm_gate_return_floor,0.002665170927986529,-0.006213269585399406,0.008878440513385934,0.2,0.0002,0.1,-0.03199132604167687,0.0,0.0,0.0,1.0
2024-01-03,lingxi_pitnorm_gate_return_floor,0.005691337649575277,-0.00654574922837038,0.012237086877945657,0.1,0.0001,0.2,-0.0592376635992391,0.0,0.0,0.0,1.0
2024-01-04,lingxi_pitnorm_gate_return_floor,0.008335476200287722,-0.003166673310370348,0.01150214951065807,0.1,0.0001,0.1,0.055520665582202255,0.0,0.0,0.0,1.0
2024-01-05,lingxi_pitnorm,0.005711686028819485,-0.002334861199023582,0.008046547227843067,0.1,0.0001,0.1,0.16656653625587658,1.0,0.0,1.0,0.0
2024-01-08,lingxi_pitnorm,0.0037527826947395945,0.0002592467150814762,0.0034935359796581184,0.30000000000000004,0.00030000000000000003,0.2,-0.06657569757780202,0.0,0.0,1.0,0.0
2024-01-09,lingxi_pitnorm,0.004722314342841659,0.0005432928718571907,0.004179021470984468,0.2,0.0002,0.2,-0.09209826204548222,0.0,0.0,1.0,0.0
2024-01-10,lingxi_pitnorm,-0.0014078516588689636,-0.0031010000908365393,0.0016931484319675756,0.2,0.0002,0.2,-0.02996190912868535,0.0,0.0,1.0,0.0
2024-01-11,lingxi_pitnorm,0.001172487753480216,-0.002198821478154679,0.003371309231634895,0.1,0.0001,0.2,-0.0885859519057437,0.0,0.0,1.0,0.0
2024-01-12,lingxi_pitnorm,0.00108643911402162,-0.002434949583547193,0.003521388697568813,0.2,0.0002,0.2,-0.20356518417894165,0.0,0.0,1.0,0.0
2024-01-15,lingxi_pitnorm,-0.004303897947241322,-0.0071499820384846435,0.0028460840912433215,0.0,0.0,0.2,-0.2015021963869721,0.0,0.0,1.0,0.0
2024-01-16,lingxi_pitnorm,-0.005601642704017422,-0.0060872421159724795,0.0004855994119550575,0.1,0.0001,0.2,-0.2270923381078429,0.0,0.0,1.0,0.0
2024-01-17,lingxi_pitnorm,-0.0017943377753733448,0.0011449583122123195,-0.0029392960875856645,0.0,0.0,0.2,-0.2224147759625037,0.0,0.0,1.0,0.0
2024-01-18,lingxi_pitnorm,-0.00563672244844349,0.003531009261635452,-0.009167731710078942,0.1,0.0001,0.2,-0.2978203646395361,0.0,0.0,1.0,0.0
2024-01-19,lingxi_pitnorm_gate_return_floor,-0.0049852318886808526,0.003406171571701798,-0.00839140346038265,0.0,0.0,0.2,-0.30639729466948395,1.0,0.0,0.0,1.0
2024-01-22,lingxi_pitnorm_gate_return_floor,-5.120558781686926e-05,0.0056823412687605455,-0.005733546856577415,0.1,0.0001,0.2,-0.10224553094584188,0.0,0.0,0.0,1.0
2024-01-23,lingxi_pitnorm_gate_return_floor,-0.0029033083932243305,-0.0003615248526164671,-0.0025417835406078633,0.2,0.0002,0.2,0.20171832028149161,0.0,0.0,0.0,1.0
2024-01-24,lingxi_pitnorm_gate_return_floor,-0.014570115085739242,-0.00639283511423752,-0.008177279971501722,0.2,0.0002,0.2,-0.18714018368520158,0.0,0.0,0.0,1.0
2024-01-25,lingxi_pitnorm_gate_return_floor,-0.014096704359115622,-0.010570477892788147,-0.0035262264663274753,0.0,0.0,0.2,-0.19902711924606642,0.0,0.0,0.0,1.0
2024-01-26,lingxi_pitnorm_gate_return_floor,-0.010849864213569775,-0.012508758639061982,0.0016588944254922067,0.2,0.0002,0.2,-0.10796574005372328,0.0,0.0,0.0,1.0
2024-01-29,lingxi_pitnorm_gate_return_floor,-0.0031487776038815712,-0.010544874443670683,0.007396096839789111,0.1,0.0001,0.2,-0.09670731644055053,0.0,0.0,0.0,1.0
2024-01-30,lingxi_pitnorm_gate_return_floor,0.006340604619835819,0.0019304282411731026,0.004410176378662716,0.1,0.0001,0.1,-0.008402445367337918,0.0,0.0,0.0,1.0
2024-01-31,lingxi_pitnorm_gate_return_floor,0.011832756805840675,0.007544689909305917,0.004288066896534758,0.1,0.0001,0.1,0.008977405898589197,0.0,0.0,0.0,1.0
2024-02-01,lingxi_pitnorm_gate_return_floor,0.009251548369577848,0.00927995584964486,-2.840748006701331e-05,0.2,0.0002,0.2,-0.133235429697816,0.0,0.0,0.0,1.0
2024-02-02,lingxi_pitnorm,0.01366833305142777,0.016280968580507628,-0.0026126355290798584,0.30000000000000004,0.00030000000000000003,0.1,-0.26506135805762554,1.0,0.0,1.0,0.0
2024-02-05,lingxi_pitnorm,0.013310838809675419,0.01825379658915039,-0.004942957779474972,0.1,0.0001,0.1,-0.21729280500938764,0.0,0.0,1.0,0.0
2024-02-06,lingxi_pitnorm,0.01109231369237634,0.010673961412150476,0.00041835228022586365,0.1,0.0001,0.1,-0.35378643932465614,0.0,0.0,1.0,0.0
2024-02-07,lingxi_pitnorm,0.00816311169519283,0.010706186772572636,-0.0025430750773798062,0.1,0.0001,0.2,-0.1911559220754011,0.0,0.0,1.0,0.0
2024-02-08,lingxi_pitnorm,0.005456962871696762,0.00905802755306461,-0.0036010646813678477,0.1,0.0001,0.2,-0.13602163667548695,0.0,0.0,1.0,0.0
2024-02-19,lingxi,-0.0011448965210331672,0.004510973894552203,-0.00565587041558537,0.2,0.0002,0.2,-0.17554512443400228,1.0,1.0,0.0,0.0
2024-02-20,lingxi,0.008883969340249947,0.007255346518958578,0.0016286228212913688,0.2,0.0002,0.1,-0.2298920757762133,0.0,1.0,0.0,0.0
2024-02-21,lingxi,0.004937488333086844,0.0015045957417448293,0.0034328925913420147,0.1,0.0001,0.1,-0.28220957841027605,0.0,1.0,0.0,0.0
2024-02-22,lingxi,0.008630249742507834,0.004384036096069992,0.004246213646437842,0.0,0.0,0.1,-0.2726732661577653,0.0,1.0,0.0,0.0
2024-02-23,lingxi,0.010880376548382323,0.005436907588059577,0.005443468960322746,0.1,0.0001,0.2,-0.2941371473302574,0.0,1.0,0.0,0.0
2024-02-26,lingxi,0.012314979899340373,0.0073861874702046745,0.004928792429135699,0.1,0.0001,0.2,-0.3211383272000443,0.0,1.0,0.0,0.0
2024-02-27,lingxi,0.0041770181206719674,0.00406244014491814,0.00011457797575382782,0.1,0.0001,0.2,-0.2925131495338942,0.0,1.0,0.0,0.0
2024-02-28,lingxi,0.010680431424575263,0.007572950901824289,0.0031074805227509737,0.2,0.0002,0.2,-0.36397087032574227,0.0,1.0,0.0,0.0
2024-02-29,lingxi,0.0021905849203981776,0.00029793267361637665,0.001892652246781801,0.2,0.0002,0.2,-0.2592801773907851,0.0,1.0,0.0,0.0
2024-03-01,lingxi,0.0016900418353507662,0.0004714255850891298,0.0012186162502616363,0.1,0.0001,0.2,-0.3503419435257751,0.0,1.0,0.0,0.0
2024-03-04,lingxi_pitnorm_gate_return_floor,-0.001685182018711384,0.0021054937946593465,-0.0037906758133707304,0.30000000000000004,0.00030000000000000003,0.2,-0.09440372860354884,1.0,0.0,0.0,1.0
2024-03-05,lingxi_pitnorm_gate_return_floor,0.0002343600971399341,0.002091268340233027,-0.001856908243093093,0.1,0.0001,0.2,-0.14918226380767763,0.0,0.0,0.0,1.0
2024-03-06,lingxi_pitnorm_gate_return_floor,0.0009987734174165656,0.0012227184035369723,-0.0002239449861204067,0.4,0.0004,0.2,-0.233349974763863,0.0,0.0,0.0,1.0
2024-03-07,lingxi_pitnorm_gate_return_floor,0.011430841386120758,0.002572244217182279,0.008858597168938479,0.2,0.0002,0.2,-0.2489341847174913,0.0,0.0,0.0,1.0
2024-03-08,lingxi_pitnorm_gate_return_floor,0.007458108147479486,0.0017537434224574773,0.0057043647250220085,0.2,0.0002,0.2,-0.12457182509401576,0.0,0.0,0.0,1.0
2024-03-11,lingxi_pitnorm_gate_return_floor,0.00693970493759295,0.0019269053079632881,0.005012799629629662,0.1,0.0001,0.2,-0.13066093217540065,0.0,0.0,0.0,1.0
2024-03-12,lingxi_pitnorm_gate_return_floor,0.0010994725466796896,0.00012881323833888024,0.0009706593083408093,0.30000000000000004,0.00030000000000000003,0.2,0.4325099015924039,0.0,0.0,0.0,1.0
2024-03-13,lingxi_pitnorm_gate_return_floor,0.0030276962083999994,0.0015205760915240872,0.0015071201168759122,0.2,0.0002,0.30000000000000004,0.7643207972034816,0.0,0.0,0.0,1.0
2024-03-14,lingxi_pitnorm_gate_return_floor,-0.0010669348997865379,0.001651048630532608,-0.0027179835303191456,0.2,0.0002,0.2,0.5640194989441909,0.0,0.0,0.0,1.0
2024-03-15,lingxi_pitnorm_gate_return_floor,-0.0029414279002778062,-0.0019063410488183046,-0.0010350868514595016,0.2,0.0002,0.1,0.3405159689209576,0.0,0.0,0.0,1.0
2024-03-18,lingxi_pitnorm_gate_return_floor,-0.007132697866017727,-0.006124251886697568,-0.001008445979320159,0.2,0.0002,0.1,-0.2802221959829563,0.0,0.0,0.0,1.0
2024-03-19,lingxi_pitnorm_gate_return_floor,-0.0016788099437598533,-0.003853380338965772,0.002174570395205919,0.1,0.0001,0.1,-0.1418468287410768,0.0,0.0,0.0,1.0
2024-03-20,lingxi_pitnorm_gate_return_floor,-0.005214807054414816,-0.0074841752953856725,0.002269368240970857,0.30000000000000004,0.00030000000000000003,0.2,0.043787052962684925,0.0,0.0,0.0,1.0
2024-03-21,lingxi_pitnorm_gate_return_floor,-0.003591301985053463,-0.005241007877906634,0.0016497058928531712,0.0,0.0,0.2,0.05107377537328617,0.0,0.0,0.0,1.0
2024-03-22,lingxi_pitnorm_gate_return_floor,0.003194990111004685,-0.0013311213560507887,0.0045261114670554735,0.2,0.0002,0.2,0.21786427714536316,0.0,0.0,0.0,1.0
2024-03-25,lingxi_pitnorm_gate_return_floor,0.006286970653491726,0.0037474082181046843,0.002539562435387042,0.8,0.0008,0.2,-0.1713750488218988,0.0,0.0,0.0,1.0
2024-03-26,lingxi_pitnorm_gate_return_floor,0.0019394894098485494,0.001997870454380498,-5.83810445319488e-05,0.1,0.0001,0.2,-0.1523350019737837,0.0,0.0,0.0,1.0
2024-03-27,lingxi_pitnorm_gate_return_floor,0.003504225922890594,0.004508333944813729,-0.0010041080219231348,0.1,0.0001,0.2,-0.2776480499039877,0.0,0.0,0.0,1.0
2024-03-28,lingxi_pitnorm_gate_return_floor,-0.0007018337433773243,0.0005868167009299757,-0.0012886504443073,0.4,0.0004,0.1,-0.2510449729154445,0.0,0.0,0.0,1.0
2024-03-29,lingxi_pitnorm_gate_return_floor,-0.0021372203579968383,9.22887188888771e-05,-0.0022295090768857154,0.2,0.0002,0.2,-0.41896303153530745,0.0,0.0,0.0,1.0
2024-04-01,lingxi_pitnorm_gate_return_floor,-0.005622736264334038,-0.0051931072891285394,-0.0004296289752054984,0.6000000000000001,0.0006000000000000001,0.2,0.1396279605476245,0.0,0.0,0.0,1.0
2024-04-02,lingxi_pitnorm_gate_return_floor,-0.005805326343784067,-0.003946834213271731,-0.001858492130512336,0.2,0.0002,0.30000000000000004,-0.05429176647889733,0.0,0.0,0.0,1.0
2024-04-03,lingxi_pitnorm_gate_return_floor,-0.005676887034608853,-0.004221659563382578,-0.0014552274712262758,0.1,0.0001,0.30000000000000004,-0.029063990505608928,0.0,0.0,0.0,1.0
2024-04-08,lingxi_pitnorm_gate_return_floor,0.004724894442321171,0.0016177295924644196,0.0031071648498567517,0.5,0.0005,0.30000000000000004,0.08636279863487317,0.0,0.0,0.0,1.0
2024-04-09,lingxi_pitnorm_gate_return_floor,-0.0032461735545462277,-0.002726528168766009,-0.0005196453857802185,0.2,0.0002,0.2,-0.0861403919867616,0.0,0.0,0.0,1.0
2024-04-10,lingxi_pitnorm,0.0005302751901098857,0.0036485827237936522,-0.0031183075336837663,0.1,0.0001,0.2,0.10907456900013912,1.0,0.0,1.0,0.0
2024-04-11,lingxi_pitnorm,0.0016137556475553417,0.0030452335255690393,-0.0014314778780136976,0.1,0.0001,0.1,0.10995852689053365,0.0,0.0,1.0,0.0
2024-04-12,lingxi_pitnorm,0.001484514847339704,0.002630194817616217,-0.0011456799702765131,0.1,0.0001,0.1,0.09873123940438688,0.0,0.0,1.0,0.0
2024-04-15,lingxi_pitnorm,-0.005640099007265773,-0.002102067122213165,-0.003538031885052608,0.2,0.0002,0.1,0.1114314592872887,0.0,0.0,1.0,0.0
2024-04-16,lingxi_pitnorm,0.0014884432248404367,-0.00047781946859715786,0.0019662626934375945,0.1,0.0001,0.1,0.302849425974987,0.0,0.0,1.0,0.0
2024-04-17,lingxi_pitnorm,-0.0023502142805321364,-0.003655107599970972,0.0013048933194388357,0.30000000000000004,0.00030000000000000003,0.2,0.3424983580440717,0.0,0.0,1.0,0.0
2024-04-18,lingxi_pitnorm,-0.00021751065828543769,-0.0032967467167474536,0.003079236058462016,0.4,0.0004,0.2,0.11445857512818236,0.0,0.0,1.0,0.0
2024-04-19,lingxi_pitnorm,0.004109698358780023,0.0022697677567161323,0.001839930602063891,0.2,0.0002,0.30000000000000004,-0.09178554842469744,0.0,0.0,1.0,0.0
2024-04-22,lingxi_pitnorm,0.004347691307252535,0.0064441331248691405,-0.0020964418176166056,0.0,0.0,0.30000000000000004,-0.08827913814150712,0.0,0.0,1.0,0.0
2024-04-23,lingxi_pitnorm,0.002541211233033829,0.007086128463324702,-0.004544917230290873,0.1,0.0001,0.30000000000000004,-0.015016648940669342,0.0,0.0,1.0,0.0
2024-04-24,lingxi,0.011755251498027194,0.009179541297446484,0.00257571020058071,0.0,0.0,0.30000000000000004,-0.17797892727769415,1.0,1.0,0.0,0.0
2024-04-25,lingxi,0.012403258986461814,0.00928334829895967,0.003119910687502144,0.1,0.0001,0.2,-0.467065323822883,0.0,1.0,0.0,0.0
2024-04-26,lingxi,0.006597464367045344,0.003236986941717761,0.003360477425327583,0.1,0.0001,0.30000000000000004,-0.1786144565700134,0.0,1.0,0.0,0.0
2024-04-29,lingxi,0.007826234487377869,0.0027207346696166562,0.005105499817761212,0.1,0.0001,0.2,-0.4562213603067402,0.0,1.0,0.0,0.0
2024-04-30,lingxi,0.013854227476682046,0.0040413713602558115,0.009812856116426235,0.1,0.0001,0.2,-0.5261677567746474,0.0,1.0,0.0,0.0
2024-05-06,lingxi,0.010143266567316064,0.0011451078942865112,0.008998158673029553,0.2,0.0002,0.2,-0.5384344396756724,0.0,1.0,0.0,0.0
2024-05-07,lingxi,0.011727034917436485,0.0009857870007270277,0.010741247916709457,0.1,0.0001,0.2,-0.5496535502782791,0.0,1.0,0.0,0.0
2024-05-08,lingxi,0.008957352352476716,0.0008166593187542124,0.008140693033722503,0.1,0.0001,0.2,-0.5283211672568466,0.0,1.0,0.0,0.0
2024-05-09,lingxi,-0.000872223682001334,-0.0016347264899972014,0.0007625028079958675,0.1,0.0001,0.2,-0.5798101822302684,0.0,1.0,0.0,0.0
2024-05-10,lingxi,-0.0049499056629379624,-4.900045568120445e-05,-0.004900905207256758,0.2,0.0002,0.2,-0.6612101247389166,0.0,1.0,0.0,0.0
2024-05-13,lingxi_pitnorm_gate_return_floor,-0.0031278147840578564,0.0008282134072977391,-0.003956028191355596,0.2,0.0002,0.2,-0.2110806217141281,1.0,0.0,0.0,1.0
2024-05-14,lingxi_pitnorm_gate_return_floor,-0.00478633371295338,-0.00036076220361961237,-0.0044255715093337675,0.1,0.0001,0.2,-0.14797748332005511,0.0,0.0,0.0,1.0
2024-05-15,lingxi_pitnorm_gate_return_floor,-0.002005704026448609,0.0027012867049887677,-0.004706990731437377,0.1,0.0001,0.30000000000000004,-0.014031574308209116,0.0,0.0,0.0,1.0
2024-05-16,lingxi_pitnorm_gate_return_floor,-0.0026690341760305714,-0.00046292938122102876,-0.002206104794809543,0.2,0.0002,0.4,-0.14299895367386561,0.0,0.0,0.0,1.0
2024-05-17,lingxi_pitnorm_gate_return_floor,-0.004326508304352139,-0.004274428742161577,-5.207956219056148e-05,0.2,0.0002,0.30000000000000004,0.0011604460224567958,0.0,0.0,0.0,1.0
2024-05-20,lingxi_pitnorm_gate_return_floor,-0.0006540964442970007,-0.0033411239011261313,0.0026870274568291308,0.2,0.0002,0.2,-0.08815405249003483,0.0,0.0,0.0,1.0
2024-05-21,lingxi_pitnorm_gate_return_floor,-0.00018585707219751494,-0.0038528619346824707,0.0036670048624849556,0.1,0.0001,0.2,0.1404100813079907,0.0,0.0,0.0,1.0
2024-05-22,lingxi_pitnorm_gate_return_floor,-0.0032455375424549995,-0.004111162505462491,0.0008656249630074916,0.2,0.0002,0.2,0.011942675419209792,0.0,0.0,0.0,1.0
2024-05-23,lingxi_pitnorm_gate_return_floor,-0.0020880421327739993,-0.0017779974952447128,-0.0003100446375292865,0.2,0.0002,0.30000000000000004,0.19895341806428846,0.0,0.0,0.0,1.0
2024-05-24,lingxi_pitnorm_gate_return_floor,0.00018526876759891405,-0.0002480993963662404,0.00043336816396515444,0.1,0.0001,0.4,0.2209088825314467,0.0,0.0,0.0,1.0
2024-05-27,lingxi_pitnorm_gate_return_floor,-0.0030213808992016686,-0.0019641363290268544,-0.0010572445701748142,0.30000000000000004,0.00030000000000000003,0.30000000000000004,0.12624018300335393,0.0,0.0,0.0,1.0
2024-05-28,lingxi_pitnorm_gate_return_floor,0.002910362900402868,0.0014365016336639535,0.0014738612667389143,0.2,0.0002,0.2,0.03471245797745226,0.0,0.0,0.0,1.0
2024-05-29,lingxi_pitnorm_gate_return_floor,-0.0008279690494669076,-0.00023556340213322802,-0.0005924056473336796,0.30000000000000004,0.00030000000000000003,0.2,0.20514369351403872,0.0,0.0,0.0,1.0
2024-05-30,lingxi_pitnorm_gate_return_floor,-0.00016354788051636126,-0.00032625975957520793,0.00016271187905884666,0.30000000000000004,0.00030000000000000003,0.2,0.40095902701867203,0.0,0.0,0.0,1.0
2024-05-31,lingxi_pitnorm_gate_return_floor,0.0028904956139328085,-0.0003819223897631414,0.00327241800369595,0.2,0.0002,0.2,0.4460436434277426,0.0,0.0,0.0,1.0
2024-06-03,lingxi_pitnorm_gate_return_floor,-0.003131333220969696,-0.0014215757403931593,-0.0017097574805765368,0.2,0.0002,0.2,0.3395089053641911,0.0,0.0,0.0,1.0
2024-06-04,lingxi_pitnorm_gate_return_floor,-0.0028401453178478883,-0.002628418926500592,-0.00021172639134729634,0.1,0.0001,0.2,0.12169697536775459,0.0,0.0,0.0,1.0
2024-06-05,lingxi_pitnorm_gate_return_floor,-0.003906813117150505,-0.002094508033654593,-0.0018123050834959117,0.2,0.0002,0.2,0.2289336413395482,0.0,0.0,0.0,1.0
2024-06-06,lingxi_pitnorm_gate_return_floor,-0.0031896188981201277,-0.0008820703745014028,-0.002307548523618725,0.2,0.0002,0.2,0.11633653792917542,0.0,0.0,0.0,1.0
2024-06-07,lingxi_pitnorm_gate_return_floor,-0.002796096957471399,-0.0004991519481627657,-0.0022969450093086336,0.2,0.0002,0.1,-0.09069046695978145,0.0,0.0,0.0,1.0
2024-06-11,lingxi,0.011353014746426119,0.0009860062015570443,0.010367008544869074,0.2,0.0002,0.2,-0.332204493699491,1.0,1.0,0.0,0.0
2024-06-12,lingxi,0.008844879739649644,-0.0011405251108297671,0.00998540485047941,0.1,0.0001,0.2,-0.3689657439905858,0.0,1.0,0.0,0.0
2024-06-13,lingxi,0.0013981986070790153,-0.0025682542323706226,0.003966452839449638,0.2,0.0002,0.2,-0.26114325193754695,0.0,1.0,0.0,0.0
2024-06-14,lingxi,0.0022514547631409146,-0.00309725640632198,0.005348711169462894,0.1,0.0001,0.2,-0.32202293441354257,0.0,1.0,0.0,0.0
2024-06-17,lingxi,-0.004190470712133039,-0.00523560632206369,0.0010451356099306511,0.1,0.0001,0.30000000000000004,-0.3147090940894053,0.0,1.0,0.0,0.0
2024-06-18,lingxi_pitnorm_gate_return_floor,-0.013712075397152195,-0.00755238869815642,-0.0061596866989957755,0.1,0.0001,0.2,-0.23122954002553975,1.0,0.0,0.0,1.0
2024-06-19,lingxi_pitnorm_gate_return_floor,-0.007925632083955707,-0.0038644954294717363,-0.00406113665448397,0.0,0.0,0.2,-0.2412243331649364,0.0,0.0,0.0,1.0
2024-06-20,lingxi_pitnorm_gate_return_floor,-0.005973926501105542,-0.004395826119248157,-0.001578100381857385,0.2,0.0002,0.30000000000000004,-0.1534652324743142,0.0,0.0,0.0,1.0
2024-06-21,lingxi_pitnorm_gate_return_floor,-0.007518256539780439,-0.0036940906195792266,-0.0038241659202012126,0.2,0.0002,0.4,-0.10723467421362187,0.0,0.0,0.0,1.0
2024-06-24,lingxi_pitnorm_gate_return_floor,-0.0003305868688187006,0.0004954463268250069,-0.0008260331956437075,0.30000000000000004,0.00030000000000000003,0.30000000000000004,0.09410420872609926,0.0,0.0,0.0,1.0
2024-06-25,lingxi_pitnorm,0.0019357118729158595,0.0005274105015044925,0.001408301371411367,0.2,0.0002,0.2,0.22275585353008687,1.0,0.0,1.0,0.0
2024-06-26,lingxi_pitnorm,0.0017542217749375588,-0.002578668487210452,0.004332890262148011,0.2,0.0002,0.2,0.4025069044061418,0.0,0.0,1.0,0.0
2024-06-27,lingxi_pitnorm,0.0026708032278765018,-0.0019382712412237921,0.004609074469100294,0.1,0.0001,0.30000000000000004,0.3672022733130067,0.0,0.0,1.0,0.0
2024-06-28,lingxi_pitnorm,-0.001414222512156058,-0.002405372675546023,0.000991150163389965,0.2,0.0002,0.30000000000000004,0.09584749888099964,0.0,0.0,1.0,0.0
2024-07-01,lingxi_pitnorm,-0.004491851718124749,-0.006490264903831362,0.0019984131857066134,0.0,0.0,0.30000000000000004,0.10039283533460441,0.0,0.0,1.0,0.0
2024-07-02,lingxi_pitnorm_gate_return_floor,0.003948605926216602,-0.00217954596927471,0.006128151895491311,0.1,0.0001,0.30000000000000004,0.1843048040890345,1.0,0.0,0.0,1.0
2024-07-03,lingxi_pitnorm_gate_return_floor,0.007606074130546277,-0.0016809481935879955,0.009287022324134272,0.2,0.0002,0.2,-0.12528664268252676,0.0,0.0,0.0,1.0
2024-07-04,lingxi_pitnorm_gate_return_floor,0.00922814421803912,0.003900846126227777,0.0053272980918113435,0.0,0.0,0.2,-0.11601258723426255,0.0,0.0,0.0,1.0
2024-07-05,lingxi_pitnorm_gate_return_floor,0.008201573420255097,0.0034127864401631383,0.004788786980091959,0.1,0.0001,0.2,-0.04336905931625523,0.0,0.0,0.0,1.0
2024-07-08,lingxi_pitnorm_gate_return_floor,0.00907335226732692,0.005803233547806487,0.0032701187195204335,0.0,0.0,0.2,-0.027912696100903744,0.0,0.0,0.0,1.0
2024-07-09,lingxi_pitnorm_gate_return_floor,0.006608962423023182,0.004617100948836879,0.0019918614741863032,0.1,0.0001,0.2,-0.09428294912420832,0.0,0.0,0.0,1.0
2024-07-10,lingxi_pitnorm_gate_return_floor,0.002357830447052891,0.004941573732128647,-0.0025837432850757563,0.0,0.0,0.2,-0.09610905905467071,0.0,0.0,0.0,1.0
2024-07-11,lingxi_pitnorm_gate_return_floor,0.0032428255613661697,0.002395391844687897,0.0008474337166782726,0.1,0.0001,0.30000000000000004,-0.18901870018369316,0.0,0.0,0.0,1.0
2024-07-12,lingxi_pitnorm_gate_return_floor,0.0030831508532551304,0.00370811132817761,-0.0006249604749224797,0.1,0.0001,0.30000000000000004,-0.27234026382831544,0.0,0.0,0.0,1.0
2024-07-15,lingxi_pitnorm_gate_return_floor,0.0003967886258631272,0.0030666788121253576,-0.0026698901862622303,0.2,0.0002,0.30000000000000004,-0.211080381824706,0.0,0.0,0.0,1.0
2024-07-16,lingxi_pitnorm_gate_return_floor,-0.011673679582864985,-0.0035792036591046827,-0.008094475923760301,0.2,0.0002,0.30000000000000004,-0.30649680217372577,0.0,0.0,0.0,1.0
2024-07-17,lingxi_pitnorm_gate_return_floor,-0.00807878568088997,-0.005068470449300554,-0.0030103152315894156,0.0,0.0,0.30000000000000004,-0.33354087666646137,0.0,0.0,0.0,1.0
2024-07-18,lingxi_pitnorm_gate_return_floor,-0.008804288639635748,-0.006506093926557645,-0.0022981947130781026,0.1,0.0001,0.30000000000000004,-0.3479038662957663,0.0,0.0,0.0,1.0
2024-07-19,lingxi_pitnorm_gate_return_floor,-0.010786687714727093,-0.006172009157345878,-0.0046146785573812155,0.1,0.0001,0.30000000000000004,-0.564209034745712,0.0,0.0,0.0,1.0
2024-07-22,lingxi_pitnorm_gate_return_floor,-0.008359866013667524,-0.006598680566526363,-0.001761185447141161,0.7000000000000001,0.0007000000000000001,0.2,0.10664939940960494,0.0,0.0,0.0,1.0
2024-07-23,lingxi_pitnorm_gate_return_floor,-0.0025969824119269156,-0.002623832370450497,2.6849958523581484e-05,0.30000000000000004,0.00030000000000000003,0.2,-0.4035055914876011,0.0,0.0,0.0,1.0
2024-07-24,lingxi_pitnorm_gate_return_floor,0.004259957418055578,0.004673655197652035,-0.00041369777959645703,0.0,0.0,0.2,-0.4019101825873719,0.0,0.0,0.0,1.0
2024-07-25,lingxi_pitnorm_gate_return_floor,0.002789900788605924,0.0036443273243290933,-0.0008544265357231691,0.30000000000000004,0.00030000000000000003,0.30000000000000004,-0.6778410494782516,0.0,0.0,0.0,1.0
2024-07-26,lingxi_pitnorm_gate_return_floor,-0.003690512404097699,-0.00021069582176739572,-0.003479816582330303,0.30000000000000004,0.00030000000000000003,0.30000000000000004,-0.19646621939270403,0.0,0.0,0.0,1.0
2024-07-29,lingxi_pitnorm_gate_return_floor,-0.007296655706957508,-0.0020453613232499094,-0.005251294383707599,0.2,0.0002,0.30000000000000004,-0.5167725487376309,0.0,0.0,0.0,1.0
2024-07-30,lingxi,0.0002879608024434699,0.000510129236281955,-0.00022216843383848507,0.0,0.0,0.30000000000000004,-0.5176707507893958,1.0,1.0,0.0,0.0
2024-07-31,lingxi,-0.0071652935029700646,-0.005197241278168452,-0.0019680522248016127,0.1,0.0001,0.30000000000000004,-0.4966191937806226,0.0,1.0,0.0,0.0
2024-08-01,lingxi,-0.0045476375914025756,-0.004044413353640695,-0.0005032242377618805,0.2,0.0002,0.30000000000000004,-0.10003201627174896,0.0,1.0,0.0,0.0
2024-08-02,lingxi,-0.005094137792830677,-0.003024229692050726,-0.0020699081007799513,0.1,0.0001,0.30000000000000004,-0.5296296499935575,0.0,1.0,0.0,0.0
2024-08-05,lingxi,-0.002226543338820519,-0.00015385211100679203,-0.002072691227813727,0.1,0.0001,0.4,-0.46558477692559386,0.0,1.0,0.0,0.0
2024-08-06,lingxi_pitnorm_gate_return_floor,-0.005068141585703341,-0.0011787978381974365,-0.0038893437475059044,0.1,0.0001,0.30000000000000004,-0.3590796694190441,1.0,0.0,0.0,1.0
2024-08-07,lingxi_pitnorm_gate_return_floor,-0.009069532885237146,-0.0030684158334399942,-0.006001117051797152,0.0,0.0,0.30000000000000004,-0.3550885783839419,0.0,0.0,0.0,1.0
2024-08-08,lingxi_pitnorm_gate_return_floor,-0.004577617883406189,-0.001260447571518715,-0.0033171703118874745,0.1,0.0001,0.30000000000000004,-0.536981141606665,0.0,0.0,0.0,1.0
2024-08-09,lingxi_pitnorm_gate_return_floor,-0.0014211326981525452,-0.0005159301267869729,-0.0009052025713655723,0.0,0.0,0.30000000000000004,-0.5473328565505096,0.0,0.0,0.0,1.0
2024-08-12,lingxi_pitnorm_gate_return_floor,-0.004059074542753427,0.00019346807892096587,-0.004252542621674392,0.2,0.0002,0.4,-0.37821826144421955,0.0,0.0,0.0,1.0
2024-08-13,lingxi_pitnorm_gate_return_floor,-0.0008899645675074415,-0.0026788784651349123,0.0017889138976274709,0.5,0.0005,0.2,0.3912935460694271,0.0,0.0,0.0,1.0
2024-08-14,lingxi_pitnorm_gate_return_floor,-0.00020351097190429466,-0.0014983811031984648,0.00129487013129417,0.30000000000000004,0.00030000000000000003,0.2,-0.21477148609260155,0.0,0.0,0.0,1.0
2024-08-15,lingxi_pitnorm_gate_return_floor,-0.0005852883102520033,-0.004663889341523541,0.004078601031271538,0.2,0.0002,0.30000000000000004,0.11842823077885711,0.0,0.0,0.0,1.0
2024-08-16,lingxi_pitnorm_gate_return_floor,0.0010849597164001514,-0.003745071531947492,0.004830031248347643,0.1,0.0001,0.2,0.07503101210245333,0.0,0.0,0.0,1.0
2024-08-19,lingxi_pitnorm_gate_return_floor,0.002468096340714752,-0.004038080142739016,0.006506176483453768,0.30000000000000004,0.00030000000000000003,0.1,0.17888985443652494,0.0,0.0,0.0,1.0
2024-08-20,lingxi_pitnorm_gate_return_floor,0.002114610659623604,-0.00350215722944865,0.005616767889072253,0.0,0.0,0.1,0.18117654949976547,0.0,0.0,0.0,1.0
2024-08-21,lingxi_pitnorm_gate_return_floor,0.0008801787720146395,-0.0030274330009299076,0.003907611772944547,0.2,0.0002,0.2,0.3412653369724463,0.0,0.0,0.0,1.0
2024-08-22,lingxi_pitnorm_gate_return_floor,0.0014829072126859779,-0.0010832277111914445,0.0025661349238774223,0.1,0.0001,0.1,0.1707044191817193,0.0,0.0,0.0,1.0
2024-08-23,lingxi_pitnorm_gate_return_floor,0.002843889726755298,0.0013130780117574128,0.001530811714997885,0.1,0.0001,0.1,-0.0200797530204877,0.0,0.0,0.0,1.0
2024-08-26,lingxi_pitnorm_gate_return_floor,-0.0025098543729410957,-0.0028586171274531794,0.00034876275451208374,0.1,0.0001,0.1,-0.035466158653248314,0.0,0.0,0.0,1.0
2024-08-27,lingxi_pitnorm_gate_return_floor,-0.0015389112257013693,9.676783270939932e-05,-0.0016356790584107685,0.0,0.0,0.1,-0.03017201669511138,0.0,0.0,0.0,1.0
2024-08-28,lingxi_pitnorm_gate_return_floor,0.0015310575458761422,-0.0006673300819546937,0.002198387627830836,0.2,0.0002,0.2,-0.2444626736030724,0.0,0.0,0.0,1.0
2024-08-29,lingxi_pitnorm_gate_return_floor,0.0020092901996256575,-0.00022780680431952227,0.0022370970039451796,0.2,0.0002,0.2,-0.3544500544628768,0.0,0.0,0.0,1.0
2024-08-30,lingxi_pitnorm_gate_return_floor,-0.001991494301085874,-0.005258245716315382,0.003266751415229508,0.1,0.0001,0.2,-0.43176045343283675,0.0,0.0,0.0,1.0
2024-09-02,lingxi_pitnorm_gate_return_floor,-0.0016317372523748962,-0.003161563261954864,0.0015298260095799679,0.1,0.0001,0.2,-0.49999704860528027,0.0,0.0,0.0,1.0
2024-09-03,lingxi,-0.0022390712792946174,-0.004038001458409329,0.0017989301791147116,0.1,0.0001,0.2,-0.10160506672850289,1.0,1.0,0.0,0.0
2024-09-04,lingxi,0.0009245770248731521,-0.0030472059528631906,0.0039717829777363425,0.1,0.0001,0.2,-0.4175208323495898,0.0,1.0,0.0,0.0
2024-09-05,lingxi,-0.0006868271787954594,-0.004622082026424152,0.003935254847628693,0.0,0.0,0.2,-0.4141122401150259,0.0,1.0,0.0,0.0
2024-09-06,lingxi,0.002027469369544961,-0.0038950481738220773,0.005922517543367038,0.1,0.0001,0.2,-0.3487689472756621,0.0,1.0,0.0,0.0
2024-09-09,lingxi,0.005082651059009324,-0.0011601025587626886,0.0062427536177720126,0.0,0.0,0.2,-0.34463011847251046,0.0,1.0,0.0,0.0
2024-09-10,lingxi_pitnorm,-0.0007223815933635635,0.0008144770042086199,-0.0015368585975721835,0.1,0.0001,0.2,-0.362631101350134,1.0,0.0,1.0,0.0
2024-09-11,lingxi_pitnorm,-0.000575160375838335,0.0007983659489341578,-0.0013735263247724927,0.1,0.0001,0.2,-0.4936407685909341,0.0,0.0,1.0,0.0
2024-09-12,lingxi_pitnorm,-0.0003807844818688387,0.0019869176988784537,-0.0023677021807472923,0.2,0.0002,0.1,-0.1881888835111063,0.0,0.0,1.0,0.0
2024-09-13,lingxi_pitnorm,0.008810924543076923,0.011697901463353082,-0.0028869769202761585,0.1,0.0001,0.2,-0.10959390543859904,0.0,0.0,1.0,0.0
2024-09-18,lingxi_pitnorm,0.00906329204819267,0.013616071001989277,-0.004552778953796608,0.1,0.0001,0.1,-0.013027273304292208,0.0,0.0,1.0,0.0
2024-09-19,lingxi_pitnorm_gate_return_floor,0.01724882957932998,0.020302580365573242,-0.0030537507862432624,0.2,0.0002,0.2,0.14130388734398736,1.0,0.0,0.0,1.0
2024-09-20,lingxi_pitnorm_gate_return_floor,0.02457075846065491,0.03219643037704912,-0.007625671916394208,0.1,0.0001,0.2,-0.18951820450061874,0.0,0.0,0.0,1.0
2024-09-23,lingxi_pitnorm_gate_return_floor,0.046599491053983366,0.05483925720890802,-0.008239766154924652,0.30000000000000004,0.00030000000000000003,0.2,0.11867877279326677,0.0,0.0,0.0,1.0
2024-09-24,lingxi_pitnorm_gate_return_floor,0.05766369818005292,0.06211407339736184,-0.004450375217308913,0.30000000000000004,0.00030000000000000003,0.30000000000000004,0.2990920578230476,0.0,0.0,0.0,1.0
2024-09-25,lingxi_pitnorm_gate_return_floor,0.038828465130591454,0.039381858583000764,-0.0005533934524093106,0.2,0.0002,0.2,-0.0946064923837806,0.0,0.0,0.0,1.0
2024-09-26,lingxi_pitnorm,0.0378836654284171,0.029425082249792033,0.008458583178625065,0.2,0.0002,0.30000000000000004,0.18976585180890915,1.0,0.0,1.0,0.0
2024-09-27,lingxi_pitnorm,0.02480478007148901,0.010650603323690683,0.014154176747798328,0.4,0.0004,0.2,0.1149131885445982,0.0,0.0,1.0,0.0
2024-09-30,lingxi_pitnorm,0.0007965341918755223,-0.004535681600298101,0.005332215792173623,0.30000000000000004,0.00030000000000000003,0.4,0.6202354167320436,0.0,0.0,1.0,0.0
2024-10-08,lingxi_pitnorm,-0.023880924613263514,-0.021388148266004464,-0.00249277634725905,0.1,0.0001,0.4,0.3906250606413231,0.0,0.0,1.0,0.0
2024-10-09,lingxi_pitnorm,-0.010068812271221151,-0.008254895906226582,-0.0018139163649945698,0.2,0.0002,0.30000000000000004,0.53344713963331,0.0,0.0,1.0,0.0
2024-10-10,lingxi_pitnorm,-0.0055432735459893375,-0.011007988204103009,0.005464714658113671,0.4,0.0004,0.30000000000000004,0.895653179021064,0.0,0.0,1.0,0.0
2024-10-11,lingxi_pitnorm,0.008442965849873354,0.0020850990557694277,0.006357866794103927,0.5,0.0005,0.2,0.5596862839865793,0.0,0.0,1.0,0.0
2024-10-14,lingxi_pitnorm,0.00599885746832014,-0.00017691898615570606,0.006175776454475847,0.1,0.0001,0.30000000000000004,0.7217072719320647,0.0,0.0,1.0,0.0
2024-10-15,lingxi_pitnorm,0.012889422897549642,0.006860094122333957,0.006029328775215685,0.1,0.0001,0.30000000000000004,0.7360770456821193,0.0,0.0,1.0,0.0
2024-10-16,lingxi_pitnorm,0.014490398653803353,0.009626475962524823,0.004863922691278531,0.1,0.0001,0.30000000000000004,0.6713573715601058,0.0,0.0,1.0,0.0
2024-10-17,lingxi_pitnorm_gate_return_floor,0.01277130334099813,0.009429855650788112,0.0033414476902100185,0.1,0.0001,0.30000000000000004,0.6933968325867781,1.0,0.0,0.0,1.0
2024-10-18,lingxi_pitnorm_gate_return_floor,0.0046017283749324785,0.0047370226739411846,-0.00013529429900870603,0.1,0.0001,0.2,0.5771719413668741,0.0,0.0,0.0,1.0
2024-10-21,lingxi_pitnorm_gate_return_floor,0.002925911199432974,0.0040561379357610585,-0.0011302267363280847,0.30000000000000004,0.00030000000000000003,0.30000000000000004,0.7430454727010805,0.0,0.0,0.0,1.0
2024-10-22,lingxi_pitnorm_gate_return_floor,-0.001539802211057781,-0.0005091841775474829,-0.001030618033510298,0.30000000000000004,0.00030000000000000003,0.2,0.6598017722173601,0.0,0.0,0.0,1.0
2024-10-23,lingxi_pitnorm_gate_return_floor,-0.002052495354400918,-0.003280694246521858,0.0012281988921209398,0.30000000000000004,0.00030000000000000003,0.30000000000000004,0.34878605150820263,0.0,0.0,0.0,1.0
2024-10-24,lingxi,0.00015311322370699327,-0.0005046666259411037,0.0006577798496480969,0.1,0.0001,0.2,0.01688946589442608,1.0,1.0,0.0,0.0
2024-10-25,lingxi,-0.012271672269227646,-0.004022388398546391,-0.008249283870681256,0.1,0.0001,0.2,-0.03322982439524935,0.0,1.0,0.0,0.0
2024-10-28,lingxi,-0.00522148234948225,-0.002170976275846945,-0.003050506073635305,0.1,0.0001,0.2,0.027796960468030818,0.0,1.0,0.0,0.0
2024-10-29,lingxi,0.01445162215725479,0.005962955129297638,0.008488667027957152,0.1,0.0001,0.2,-0.06533875683355106,0.0,1.0,0.0,0.0
2024-10-30,lingxi,0.021115254296083658,0.007694889262460085,0.013420365033623573,0.1,0.0001,0.2,-0.024623870857212182,0.0,1.0,0.0,0.0
2024-10-31,lingxi,0.02987642367410519,0.012819177051571864,0.01705724662253333,0.1,0.0001,0.2,0.3286838833001582,0.0,1.0,0.0,0.0
2024-11-01,lingxi,0.030324021296891795,0.012485219895538444,0.01783880140135335,0.1,0.0001,0.2,0.012001932878153099,0.0,1.0,0.0,0.0
2024-11-04,lingxi,0.03133069685972755,0.012358089991742819,0.018972606867984732,0.2,0.0002,0.30000000000000004,-0.02884020333269177,0.0,1.0,0.0,0.0
2024-11-05,lingxi,0.014691536331028437,0.004747051851556484,0.009944484479471953,0.0,0.0,0.30000000000000004,0.011758688954870422,0.0,1.0,0.0,0.0
2024-11-06,lingxi,0.01405742906127963,0.005922704313897334,0.008134724747382296,0.2,0.0002,0.30000000000000004,0.38461540249351245,0.0,1.0,0.0,0.0
2024-11-07,lingxi,0.00044235583532745273,-0.0037744655398732853,0.004216821375200738,0.1,0.0001,0.30000000000000004,0.03877631596604658,0.0,1.0,0.0,0.0
2024-11-08,lingxi,-0.012686320595858815,-0.006326455374025039,-0.0063598652218337754,0.1,0.0001,0.30000000000000004,0.10382886239231937,0.0,1.0,0.0,0.0
2024-11-11,lingxi,-0.024687775003732,-0.010305213473680287,-0.014382561530051713,0.1,0.0001,0.2,0.055439384597242736,0.0,1.0,0.0,0.0
2024-11-12,lingxi,-0.014067482082190845,-0.006479773154992291,-0.007587708927198554,0.1,0.0001,0.2,0.030582778981880665,0.0,1.0,0.0,0.0
2024-11-13,lingxi,-0.0175475687927078,-0.00693369130091574,-0.010613877491792063,0.1,0.0001,0.2,0.1175720921512422,0.0,1.0,0.0,0.0
2024-11-14,lingxi,-0.005897246919363179,-0.0027447881467750424,-0.003152458772588137,0.1,0.0001,0.2,-0.0855560948192533,0.0,1.0,0.0,0.0
2024-11-15,lingxi,-0.002335536570951697,-0.005704131218995062,0.003368594648043365,0.1,0.0001,0.30000000000000004,-0.1511229614346412,0.0,1.0,0.0,0.0
2024-11-18,lingxi,0.005696171210427252,-0.004558899307713731,0.010255070518140983,0.0,0.0,0.30000000000000004,-0.1724603327317933,0.0,1.0,0.0,0.0
2024-11-19,lingxi,-0.003726460215325822,-0.007450946522142192,0.0037244863068163704,0.1,0.0001,0.2,-0.271695991973683,0.0,1.0,0.0,0.0
2024-11-20,lingxi,0.006055845964293807,-0.00420985623465154,0.010265702198945348,0.0,0.0,0.2,-0.2780303595713036,0.0,1.0,0.0,0.0
2024-11-21,lingxi_pitnorm,-0.005742642657038333,-0.00588201795760271,0.00013937530056437695,0.30000000000000004,0.00030000000000000003,0.2,-0.15060805843272718,1.0,0.0,1.0,0.0
2024-11-22,lingxi_pitnorm,0.006803409440611228,0.0035997196619038407,0.003203689778707387,0.2,0.0002,0.2,-0.3224252141280761,0.0,0.0,1.0,0.0
2024-11-25,lingxi_pitnorm,0.007459810672176021,0.00645919839396768,0.0010006122782083415,0.1,0.0001,0.2,-0.13868822009702164,0.0,0.0,1.0,0.0
2024-11-26,lingxi_pitnorm,0.008651421946505589,0.0071610641584991626,0.001490357788006426,0.2,0.0002,0.2,-0.3763282386142457,0.0,0.0,1.0,0.0
2024-11-27,lingxi_pitnorm,-0.00042853136168405224,0.001456903600676955,-0.0018854349623610074,0.30000000000000004,0.00030000000000000003,0.2,-0.1266890257687443,0.0,0.0,1.0,0.0
2024-11-28,lingxi_pitnorm_gate_return_floor,0.0018286523836178793,0.002897080626014853,-0.0010684282423969738,0.0,0.0,0.2,-0.05026191721647422,1.0,0.0,0.0,1.0
2024-11-29,lingxi_pitnorm_gate_return_floor,-0.004688704137470934,0.0026169282439198645,-0.0073056323813907986,0.1,0.0001,0.2,-0.02943371446488996,0.0,0.0,0.0,1.0
2024-12-02,lingxi_pitnorm_gate_return_floor,-0.011180412706751533,-2.7633118727462684e-05,-0.01115277958802407,0.1,0.0001,0.2,-0.13223993230127462,0.0,0.0,0.0,1.0
2024-12-03,lingxi_pitnorm_gate_return_floor,-0.006685890305951703,0.0009527683053636162,-0.007638658611315319,0.1,0.0001,0.2,-0.07731887332157328,0.0,0.0,0.0,1.0
2024-12-04,lingxi_pitnorm_gate_return_floor,-0.0045997990783775535,0.0029557363024531715,-0.007555535380830725,0.0,0.0,0.2,-0.09079249283971436,0.0,0.0,0.0,1.0
2024-12-05,lingxi_pitnorm_gate_return_floor,-0.0030645291561494222,0.005068013501716892,-0.008132542657866313,0.0,0.0,0.2,-0.08759562566208601,0.0,0.0,0.0,1.0
2024-12-06,lingxi_pitnorm_gate_return_floor,-0.004446303846771125,-0.0015838930224312154,-0.00286241082433991,0.1,0.0001,0.2,-0.08236733086889458,0.0,0.0,0.0,1.0
2024-12-09,lingxi_pitnorm_gate_return_floor,-0.008155712831482694,-0.0029624293200172943,-0.0051932835114653995,0.2,0.0002,0.2,-0.0925494979289887,0.0,0.0,0.0,1.0
2024-12-10,lingxi_pitnorm_gate_return_floor,-0.008936512156898313,-0.004229157851639745,-0.004707354305258568,0.1,0.0001,0.2,0.18888298411052418,0.0,0.0,0.0,1.0
2024-12-11,lingxi_pitnorm_gate_return_floor,-0.002220471032198743,-0.0038302609022350166,0.0016097898700362734,0.2,0.0002,0.2,0.23179183721753915,0.0,0.0,0.0,1.0
2024-12-12,lingxi_pitnorm,-0.005103229466820424,-0.005351461382008483,0.0002482319151880588,0.2,0.0002,0.2,0.35821034826855325,1.0,0.0,1.0,0.0
2024-12-13,lingxi_pitnorm,-0.0018318535421610815,-0.0018520009809888164,2.0147438827734874e-05,0.2,0.0002,0.2,0.35610524324834003,0.0,0.0,1.0,0.0
2024-12-16,lingxi_pitnorm,0.006733761873578437,-0.0007751954974058925,0.007508957370984329,0.4,0.0004,0.1,-0.026384723361005058,0.0,0.0,1.0,0.0
2024-12-17,lingxi_pitnorm,0.010341503259478756,0.0020610621142760693,0.008280441145202686,0.2,0.0002,0.1,-0.1115122041730654,0.0,0.0,1.0,0.0
2024-12-18,lingxi_pitnorm,0.008166836278477448,0.0008797714952671074,0.0072870647832103405,0.2,0.0002,0.1,0.040033422353705106,0.0,0.0,1.0,0.0
2024-12-19,lingxi_pitnorm,0.005835791666981203,0.0010246407034405942,0.0048111509635406086,0.1,0.0001,0.2,0.3535896613118261,0.0,0.0,1.0,0.0
2024-12-20,lingxi_pitnorm,0.006325488655010126,0.0012344853189462603,0.005091003336063865,0.2,0.0002,0.2,0.20792863056935929,0.0,0.0,1.0,0.0
2024-12-23,lingxi_pitnorm,0.00903788355476662,0.0025870483944879967,0.006450835160278623,0.1,0.0001,0.2,0.17036169422102176,0.0,0.0,1.0,0.0
2024-12-24,lingxi_pitnorm,-0.00016902427599104747,-0.0037111926956325766,0.003542168419641529,0.2,0.0002,0.30000000000000004,-0.19052019810321852,0.0,0.0,1.0,0.0
2024-12-25,lingxi_pitnorm,-0.019057468755740384,-0.017976462660540402,-0.0010810060951999823,0.0,0.0,0.30000000000000004,-0.3334590722660895,0.0,0.0,1.0,0.0
2024-12-26,lingxi,-0.028128881208547053,-0.020427258723928508,-0.007701622484618545,0.1,0.0001,0.2,-0.18168150459550247,1.0,1.0,0.0,0.0
2024-12-27,lingxi,-0.023951578625882663,-0.02017680426745968,-0.003774774358422984,0.2,0.0002,0.2,0.061468697201796374,0.0,1.0,0.0,0.0
2024-12-30,lingxi,-0.021916375288425556,-0.01958965873054117,-0.0023267165578843875,0.1,0.0001,0.2,-0.24638630488327706,0.0,1.0,0.0,0.0
2024-12-31,lingxi,-0.013834904095042457,-0.016592854261848387,0.0027579501668059305,0.1,0.0001,0.2,-0.06367969745087976,0.0,1.0,0.0,0.0
2025-01-02,lingxi,0.005133147639356217,-0.00218207740557247,0.0073152250449286865,0.1,0.0001,0.2,-0.167105738233019,0.0,1.0,0.0,0.0
2025-01-03,lingxi_pitnorm_gate_return_floor,0.007860710854259365,-0.0024391242302635417,0.010299835084522906,0.1,0.0001,0.2,-0.23480588523814205,1.0,0.0,0.0,1.0
2025-01-06,lingxi_pitnorm_gate_return_floor,0.00498528915340891,-0.0025900178916624023,0.007575307045071313,0.4,0.0004,0.2,0.1308758410071853,0.0,0.0,0.0,1.0
2025-01-07,lingxi_pitnorm_gate_return_floor,0.007661803149997568,0.001452556495085451,0.0062092466549121175,0.30000000000000004,0.00030000000000000003,0.2,0.12256165087284998,0.0,0.0,0.0,1.0
2025-01-08,lingxi_pitnorm_gate_return_floor,0.005598940362640135,0.00045771652669013963,0.005141223835949995,0.30000000000000004,0.00030000000000000003,0.2,0.38821055548152117,0.0,0.0,0.0,1.0
2025-01-09,lingxi_pitnorm_gate_return_floor,-0.0011432428978945227,0.002129264705134322,-0.0032725076030288448,0.4,0.0004,0.2,0.2846167393307688,0.0,0.0,0.0,1.0
2025-01-10,lingxi,0.005195720093670835,0.005978254076827893,-0.0007825339831570577,0.2,0.0002,0.2,0.2877637028591167,1.0,1.0,0.0,0.0
2025-01-13,lingxi,0.014116100179165375,0.006360143356730953,0.007755956822434421,0.30000000000000004,0.00030000000000000003,0.2,-0.08657290060868661,0.0,1.0,0.0,0.0
2025-01-14,lingxi,0.004340471948740139,0.0005442536150928822,0.0037962183336472566,0.1,0.0001,0.30000000000000004,0.1944111269042459,0.0,1.0,0.0,0.0
2025-01-15,lingxi,0.00704632755942933,0.0008149420369964911,0.006231385522432839,0.1,0.0001,0.30000000000000004,0.11829999570590743,0.0,1.0,0.0,0.0
2025-01-16,lingxi,0.003329960314000027,0.00013660779101538095,0.003193352522984646,0.1,0.0001,0.30000000000000004,0.2164143008728061,0.0,1.0,0.0,0.0
2025-01-17,lingxi,0.009165761342197964,0.0009773199912719505,0.008188441350926013,0.2,0.0002,0.30000000000000004,0.09890725494791042,0.0,1.0,0.0,0.0
2025-01-20,lingxi,0.001776263911170852,2.0734053861326737e-05,0.0017555298573095253,0.0,0.0,0.30000000000000004,0.1106530272173849,0.0,1.0,0.0,0.0
2025-01-21,lingxi,0.004286808552006715,-0.0005770872059159282,0.004863895757922643,0.1,0.0001,0.30000000000000004,0.16966749473397513,0.0,1.0,0.0,0.0
2025-01-22,lingxi,0.008648883496975084,0.003274921244393045,0.005373962252582039,0.1,0.0001,0.2,0.08912295951973448,0.0,1.0,0.0,0.0
2025-01-23,lingxi,0.011787723399311301,0.005544732041395905,0.006242991357915396,0.1,0.0001,0.2,0.03512187408272993,0.0,1.0,0.0,0.0
2025-01-24,lingxi,0.002001067246478716,0.00399941066517979,-0.001998343418701074,0.0,0.0,0.2,0.05884511201160336,0.0,1.0,0.0,0.0
2025-01-27,lingxi,0.0040453333276822614,0.0037974845873436766,0.0002478487403385849,0.1,0.0001,0.2,-0.14909966041774325,0.0,1.0,0.0,0.0
2025-02-05,lingxi,0.0019230618417438628,0.006354556151470125,-0.004431494309726263,0.0,0.0,0.2,-0.12797254247158563,0.0,1.0,0.0,0.0
2025-02-06,lingxi,-0.007664012338665205,0.003055905927798144,-0.01071991826646335,0.1,0.0001,0.1,-0.11410771900163397,0.0,1.0,0.0,0.0
2025-02-07,lingxi,0.028863533808208393,0.002071230082633458,0.026792303725574933,0.2,0.0002,0.2,-0.13223378842464584,0.0,1.0,0.0,0.0
2025-02-10,lingxi_pitnorm,0.005318841146011997,0.0019351789559764298,0.003383662190035567,0.2,0.0002,0.1,0.028877992492631677,1.0,0.0,1.0,0.0
2025-02-11,lingxi_pitnorm,0.0032835058155094446,9.128834105951392e-05,0.0031922174744499305,0.1,0.0001,0.2,0.07089673989692358,0.0,0.0,1.0,0.0
2025-02-12,lingxi_pitnorm,0.0006675576454345024,-1.365183786305833e-05,0.0006812094832975607,0.2,0.0002,0.2,0.21358706809752093,0.0,0.0,1.0,0.0
2025-02-13,lingxi_pitnorm,0.0035217349750198148,0.001016756421313884,0.0025049785537059307,0.2,0.0002,0.2,0.2958102208294733,0.0,0.0,1.0,0.0
2025-02-14,lingxi_pitnorm,0.005004645237581211,0.0014167433760545905,0.0035879018615266206,0.1,0.0001,0.2,0.17164598043372337,0.0,0.0,1.0,0.0
2025-02-17,lingxi,0.007979708647301145,0.0006682792238755377,0.0073114294234256074,0.1,0.0001,0.2,0.10149967441981289,1.0,1.0,0.0,0.0
2025-02-18,lingxi,0.0037904751193432993,0.0011803200316377932,0.0026101550877055063,0.1,0.0001,0.2,0.09016342474093975,0.0,1.0,0.0,0.0
2025-02-19,lingxi,-0.004251999730362352,0.0015608827032641498,-0.005812882433626502,0.0,0.0,0.2,0.1254795361162806,0.0,1.0,0.0,0.0
2025-02-20,lingxi,-0.009154379451808274,0.001902088546300767,-0.01105646799810904,0.2,0.0002,0.2,-0.12782990658199722,0.0,1.0,0.0,0.0
2025-02-21,lingxi,-0.02080713875495775,-0.003978338852836635,-0.016828799902121112,0.1,0.0001,0.2,-0.04516363928697231,0.0,1.0,0.0,0.0
2025-02-24,lingxi_pitnorm,-0.005967306560173598,-0.0037514869217104034,-0.0022158196384631946,0.1,0.0001,0.2,0.3911802046302242,1.0,0.0,1.0,0.0
2025-02-25,lingxi_pitnorm,-0.00240236837193728,-0.0013348134258318264,-0.0010675549461054534,0.1,0.0001,0.2,0.21599534693890732,0.0,0.0,1.0,0.0
2025-02-26,lingxi_pitnorm,-0.0018496493497752663,-0.0029498779651529997,0.0011002286153777333,0.2,0.0002,0.30000000000000004,0.3495181419289004,0.0,0.0,1.0,0.0
2025-02-27,lingxi_pitnorm,0.00019059194060270715,-0.0008679700952176388,0.001058562035820346,0.4,0.0004,0.30000000000000004,-0.26379052461054364,0.0,0.0,1.0,0.0
2025-02-28,lingxi_pitnorm,0.005673983764212798,0.0025965759005855417,0.003077407863627256,0.30000000000000004,0.00030000000000000003,0.2,-0.06856927534952462,0.0,0.0,1.0,0.0
2025-03-03,lingxi_pitnorm,0.004890060907474077,0.002212463617216428,0.0026775972902576485,0.30000000000000004,0.00030000000000000003,0.2,0.27746798059444444,0.0,0.0,1.0,0.0
2025-03-04,lingxi_pitnorm,0.006997567376058769,0.0025354216206239133,0.004462145755434856,0.1,0.0001,0.2,0.42197745134937037,0.0,0.0,1.0,0.0
2025-03-05,lingxi_pitnorm,0.0039228791843245086,0.00136541677422557,0.0025574624100989382,0.1,0.0001,0.2,0.3549257779545485,0.0,0.0,1.0,0.0
2025-03-06,lingxi_pitnorm,0.0002908212283096747,-0.001675585696502654,0.0019664069248123287,0.2,0.0002,0.2,0.1677779390225531,0.0,0.0,1.0,0.0
2025-03-07,lingxi_pitnorm,0.011577824784081777,0.0030583330380667224,0.008519491746015056,0.30000000000000004,0.00030000000000000003,0.30000000000000004,-0.007905398821193899,0.0,0.0,1.0,0.0
2025-03-10,lingxi_pitnorm_gate_return_floor,0.012205984909045267,0.0031445751942619387,0.00906140971478333,0.2,0.0002,0.2,-0.006405064920613768,1.0,0.0,0.0,1.0
2025-03-11,lingxi_pitnorm_gate_return_floor,0.010447907648562859,0.0029435551433993666,0.007504352505163492,0.0,0.0,0.2,-0.000906357702067595,0.0,0.0,0.0,1.0
2025-03-12,lingxi_pitnorm_gate_return_floor,0.0068021346306297035,0.002822208637522386,0.003979925993107317,0.1,0.0001,0.2,0.05822010336746075,0.0,0.0,0.0,1.0
2025-03-13,lingxi_pitnorm_gate_return_floor,0.005446527658806779,0.0025916465966984697,0.002854881062108309,0.1,0.0001,0.30000000000000004,0.056413509413250296,0.0,0.0,0.0,1.0
2025-03-14,lingxi_pitnorm_gate_return_floor,-0.009739442191049911,-0.003816847431244684,-0.005922594759805227,0.2,0.0002,0.2,-0.12376372830542337,0.0,0.0,0.0,1.0
2025-03-17,lingxi,-0.005433482275651076,-0.0030916885541064816,-0.002341793721544594,0.2,0.0002,0.2,0.04497627845212193,1.0,1.0,0.0,0.0
2025-03-18,lingxi,-0.01019070400872613,-0.003712626983379251,-0.006478077025346878,0.2,0.0002,0.2,0.03225445195610277,0.0,1.0,0.0,0.0
2025-03-19,lingxi,-0.008931223696584235,-0.003350787683857702,-0.005580436012726533,0.2,0.0002,0.2,-0.10734301273470592,0.0,1.0,0.0,0.0
2025-03-20,lingxi,-0.007136340290107182,-0.00147586948668187,-0.0056604708034253114,0.2,0.0002,0.2,-0.18206479713515833,0.0,1.0,0.0,0.0
2025-03-21,lingxi,-0.0035745848492837237,-3.270192359508516e-05,-0.0035418829256886387,0.1,0.0001,0.2,0.06262009838733107,0.0,1.0,0.0,0.0
2025-03-24,lingxi_pitnorm_gate_return_floor,-0.008650281040413235,-0.0012817241187775288,-0.007368556921635705,0.7000000000000001,0.0007000000000000001,0.30000000000000004,-0.26954836501861834,1.0,0.0,0.0,1.0
2025-03-25,lingxi_pitnorm_gate_return_floor,-0.005630977042678937,-0.00037881960019838813,-0.005252157442480549,0.30000000000000004,0.00030000000000000003,0.2,-0.09227504991860869,0.0,0.0,0.0,1.0
2025-03-26,lingxi_pitnorm_gate_return_floor,0.011287702371332234,-0.00022491867711584633,0.011512621048448081,0.1,0.0001,0.2,-0.1864962540767081,0.0,0.0,0.0,1.0
2025-03-27,lingxi_pitnorm_gate_return_floor,0.019190627051011218,-0.002568736911399204,0.021759363962410423,0.2,0.0002,0.2,0.08084338868367169,0.0,0.0,0.0,1.0
2025-03-28,lingxi_pitnorm_gate_return_floor,-0.000656427063175817,-0.01651344258980008,0.015857015526624264,0.30000000000000004,0.00030000000000000003,0.30000000000000004,-0.2645907470174578,0.0,0.0,0.0,1.0
2025-03-31,lingxi_pitnorm_gate_return_floor,-0.02450516431928168,-0.013144096184073311,-0.011361068135208369,0.30000000000000004,0.00030000000000000003,0.30000000000000004,-0.14943294973788568,0.0,0.0,0.0,1.0
2025-04-01,lingxi_pitnorm_gate_return_floor,-0.022619467245017618,-0.011161821266369887,-0.011457645978647731,0.30000000000000004,0.00030000000000000003,0.2,-0.2638878560640574,0.0,0.0,0.0,1.0
2025-04-02,lingxi_pitnorm_gate_return_floor,-0.014749002475764009,-0.008210500832860434,-0.0065385016429035745,0.30000000000000004,0.00030000000000000003,0.2,-0.09203643547322571,0.0,0.0,0.0,1.0
2025-04-03,lingxi_pitnorm_gate_return_floor,-0.005192979842366871,-0.006456324373247717,0.0012633445308808458,0.2,0.0002,0.2,-0.16419993799652843,0.0,0.0,0.0,1.0
2025-04-07,lingxi_pitnorm_gate_return_floor,0.014632728227979437,0.010484416478562191,0.004148311749417245,0.30000000000000004,0.00030000000000000003,0.2,-0.5363333512488317,0.0,0.0,0.0,1.0
2025-04-08,lingxi,0.006700542646714423,0.006827740267757386,-0.00012719762104296348,0.2,0.0002,0.2,-0.1262777421859198,1.0,1.0,0.0,0.0
2025-04-09,lingxi,0.0018955399484924976,0.004065568140333296,-0.002170028191840798,0.2,0.0002,0.2,0.048811238157014714,0.0,1.0,0.0,0.0
2025-04-10,lingxi,0.003840606575758985,0.0006183804029284203,0.003222226172830565,0.2,0.0002,0.2,-0.2405004287818837,0.0,1.0,0.0,0.0
2025-04-11,lingxi,-0.0007893487776920493,0.00028763278544040603,-0.0010769815631324552,0.1,0.0001,0.2,-0.4426575637053922,0.0,1.0,0.0,0.0
2025-04-14,lingxi,0.0014569153853342055,0.0005794599928241531,0.0008774553925100524,0.1,0.0001,0.2,-0.3389223268359842,0.0,1.0,0.0,0.0
2025-04-15,lingxi,-6.748057187143427e-05,0.000785345224638242,-0.0008528257965096763,0.2,0.0002,0.2,-0.12505179567250124,0.0,1.0,0.0,0.0
2025-04-16,lingxi,-0.0025581675254647694,0.0008996471647996515,-0.003457814690264421,0.1,0.0001,0.2,-0.10268609640365156,0.0,1.0,0.0,0.0
2025-04-17,lingxi,-0.0021317632834653133,0.0005058625990139,-0.002637625882479213,0.1,0.0001,0.2,-0.1551915806936286,0.0,1.0,0.0,0.0
2025-04-18,lingxi,-0.005529658407485232,0.0008656360373954276,-0.006395294444880659,0.1,0.0001,0.2,-0.13868847215514535,0.0,1.0,0.0,0.0
2025-04-21,lingxi,-0.00691880916437642,-0.0010694362596406664,-0.005849372904735754,0.1,0.0001,0.30000000000000004,-0.1357942221249857,0.0,1.0,0.0,0.0
2025-04-22,lingxi,-0.0065447183758142935,-0.0009003074804316051,-0.005644410895382688,0.1,0.0001,0.30000000000000004,-0.09525804666195725,0.0,1.0,0.0,0.0
2025-04-23,lingxi,-0.0015929915774748715,-0.0008431662460360014,-0.0007498253314388701,0.2,0.0002,0.30000000000000004,-0.35268178769815606,0.0,1.0,0.0,0.0
2025-04-24,lingxi,0.0012330849711267879,0.0025421924096964595,-0.0013091074385696716,0.1,0.0001,0.2,-0.22194652113423174,0.0,1.0,0.0,0.0
2025-04-25,lingxi,0.0028437149495280692,0.0030262537468081353,-0.00018253879728006607,0.1,0.0001,0.2,-0.1833857661966487,0.0,1.0,0.0,0.0
2025-04-28,lingxi,0.0036806825383729463,0.004741266391412653,-0.001060583853039707,0.1,0.0001,0.2,-0.17114132622408107,0.0,1.0,0.0,0.0
2025-04-29,lingxi_pitnorm_gate_return_floor,0.00874418438874326,0.00405824536471134,0.00468593902403192,0.4,0.0004,0.2,-0.12224112791116681,1.0,0.0,0.0,1.0
2025-04-30,lingxi_pitnorm_gate_return_floor,0.009108039369799478,0.0065760935996199855,0.002531945770179492,0.2,0.0002,0.2,0.054405549608780746,0.0,0.0,0.0,1.0
2025-05-06,lingxi_pitnorm_gate_return_floor,0.004299420292208742,0.003813944366059209,0.00048547592614953334,0.7000000000000001,0.0007000000000000001,0.2,-0.30603697193851076,0.0,0.0,0.0,1.0
2025-05-07,lingxi_pitnorm_gate_return_floor,0.011688060521335782,0.004587801038298046,0.007100259483037736,0.2,0.0002,0.2,-0.2995134837405846,0.0,0.0,0.0,1.0
2025-05-08,lingxi_pitnorm_gate_return_floor,0.0004252485930806317,0.0014407621309458626,-0.0010155135378652309,0.1,0.0001,0.2,-0.2541006258962675,0.0,0.0,0.0,1.0
2025-05-09,lingxi,0.004870848743954378,0.0016898149313711555,0.0031810338125832223,0.2,0.0002,0.1,-0.06603690790945649,1.0,1.0,0.0,0.0
2025-05-12,lingxi,-0.002734468151348328,-0.0012182106233845588,-0.001516257527963769,0.1,0.0001,0.1,-0.1384259606906113,0.0,1.0,0.0,0.0
2025-05-13,lingxi,-0.0009137005015180753,-0.00039444448905941756,-0.0005192560124586576,0.2,0.0002,0.2,-0.15834465399395725,0.0,1.0,0.0,0.0
2025-05-14,lingxi,-0.0014130387810476507,-0.0015818790586269835,0.00016884027757933275,0.1,0.0001,0.2,-0.10369154508908096,0.0,1.0,0.0,0.0
2025-05-15,lingxi,0.0019120572160352236,-1.145081921044551e-05,0.001923508035245669,0.2,0.0002,0.2,-0.30845754102345246,0.0,1.0,0.0,0.0
2025-05-16,lingxi_pitnorm_gate_return_floor,-0.001765265602356163,-0.0010312127268186858,-0.0007340528755374772,0.30000000000000004,0.00030000000000000003,0.2,-0.380639374523982,1.0,0.0,0.0,1.0
2025-05-19,lingxi_pitnorm_gate_return_floor,-0.0032562184189770392,-0.0011207578101423297,-0.0021354606088347097,0.1,0.0001,0.2,-0.4163502639451835,0.0,0.0,0.0,1.0
2025-05-20,lingxi_pitnorm_gate_return_floor,-0.004636873269852982,-0.003008600013893056,-0.0016282732559599255,0.1,0.0001,0.2,-0.6313914982117392,0.0,0.0,0.0,1.0
2025-05-21,lingxi_pitnorm_gate_return_floor,-0.00518422360671221,-0.003738978967915446,-0.0014452446387967638,0.2,0.0002,0.1,-0.23478023941319748,0.0,0.0,0.0,1.0
2025-05-22,lingxi_pitnorm_gate_return_floor,-0.00385876794470779,-0.0011451265252930022,-0.0027136414194147878,0.30000000000000004,0.00030000000000000003,0.2,-0.6100383099070932,0.0,0.0,0.0,1.0
2025-05-23,lingxi_pitnorm_gate_return_floor,-0.0031543431508497875,-0.00026236184425664107,-0.0028919813065931463,0.1,0.0001,0.2,-0.23879581605871714,0.0,0.0,0.0,1.0
2025-05-26,lingxi_pitnorm_gate_return_floor,4.542820845813374e-05,0.0006588302713132711,-0.0006134020628551374,0.1,0.0001,0.1,-0.16169925550004294,0.0,0.0,0.0,1.0
2025-05-27,lingxi_pitnorm_gate_return_floor,0.004042018410691328,0.003026908191522617,0.001015110219168711,0.1,0.0001,0.2,-0.28842984194059973,0.0,0.0,0.0,1.0
2025-05-28,lingxi_pitnorm_gate_return_floor,0.004458357378222597,0.003842514204656237,0.0006158431735663601,0.1,0.0001,0.1,-0.08540018561638263,0.0,0.0,0.0,1.0
2025-05-29,lingxi_pitnorm_gate_return_floor,0.005547059575852122,0.0018383236662831751,0.003708735909568947,0.1,0.0001,0.2,-0.29053159717678234,0.0,0.0,0.0,1.0
2025-05-30,lingxi,0.00905060149377431,0.003962583283703117,0.005088018210071193,0.1,0.0001,0.2,-0.20970714296588255,1.0,1.0,0.0,0.0
2025-06-03,lingxi,0.014403156178177109,0.0019264799533358595,0.012476676224841249,0.2,0.0002,0.30000000000000004,-0.6070636721232852,0.0,1.0,0.0,0.0
2025-06-04,lingxi,0.011280689293073375,0.0019538305869698106,0.009326858706103565,0.1,0.0001,0.4,-0.5402705908801604,0.0,1.0,0.0,0.0
2025-06-05,lingxi,0.005929960410349954,0.0014771011182218865,0.004452859292128068,0.1,0.0001,0.30000000000000004,-0.45269816362423754,0.0,1.0,0.0,0.0
2025-06-06,lingxi,0.005203366063904951,0.0002789531851566411,0.00492441287874831,0.2,0.0002,0.30000000000000004,-0.4642147487008401,0.0,1.0,0.0,0.0
2025-06-09,lingxi,0.004068922542375315,-0.00047578126415456226,0.004544703806529877,0.1,0.0001,0.30000000000000004,-0.41670926337439695,0.0,1.0,0.0,0.0
2025-06-10,lingxi,0.0014237111614918384,0.0008668393453753248,0.0005568718161165136,0.2,0.0002,0.30000000000000004,-0.11035375209203124,0.0,1.0,0.0,0.0
2025-06-11,lingxi,0.013264695775299118,-8.342502746541401e-05,0.013348120802764532,0.30000000000000004,0.00030000000000000003,0.4,-0.0017607054039991965,0.0,1.0,0.0,0.0
2025-06-12,lingxi,0.008151330615694107,-0.0023047676826798372,0.010456098298373944,0.2,0.0002,0.30000000000000004,-0.04769663718881034,0.0,1.0,0.0,0.0
2025-06-13,lingxi,0.008104048042488779,-0.0014277908420849625,0.009531838884573741,0.1,0.0001,0.30000000000000004,0.05708029641590073,0.0,1.0,0.0,0.0
2025-06-16,lingxi_pitnorm_gate_return_floor,-0.0038049941416552933,-0.0012412517045186488,-0.0025637424371366445,0.0,0.0,0.1,0.28024251771550723,1.0,0.0,0.0,1.0
2025-06-17,lingxi_pitnorm_gate_return_floor,-0.001328192138900503,0.0010035021677809379,-0.002331694306681441,0.5,0.0005,0.30000000000000004,0.035629946818986014,0.0,0.0,0.0,1.0
2025-06-18,lingxi_pitnorm_gate_return_floor,0.00020457990811683117,0.003535431897410118,-0.0033308519892932867,0.30000000000000004,0.00030000000000000003,0.2,0.0664484192592596,0.0,0.0,0.0,1.0
2025-06-19,lingxi_pitnorm_gate_return_floor,0.0041621332906388656,0.005000875336066318,-0.0008387420454274526,0.30000000000000004,0.00030000000000000003,0.4,0.10284104669494454,0.0,0.0,0.0,1.0
2025-06-20,lingxi_pitnorm_gate_return_floor,0.01711280996843687,0.005047910329474207,0.012064899638962661,0.9,0.0009000000000000001,0.30000000000000004,-0.36979527039972027,0.0,0.0,0.0,1.0
2025-06-23,lingxi,0.021318422669597565,0.0056540510717443156,0.01566437159785325,0.1,0.0001,0.30000000000000004,-0.2434076631717872,1.0,1.0,0.0,0.0
2025-06-24,lingxi,0.024189329489435942,0.0036713998552635506,0.020517929634172392,0.1,0.0001,0.30000000000000004,-0.3555367339179991,0.0,1.0,0.0,0.0
2025-06-25,lingxi,0.006644628348448103,0.000673568719814167,0.0059710596286339365,0.1,0.0001,0.30000000000000004,-0.34450416071821444,0.0,1.0,0.0,0.0
2025-06-26,lingxi,0.008905197897120468,0.002692443168381319,0.00621275472873915,0.1,0.0001,0.30000000000000004,-0.20858351165438904,0.0,1.0,0.0,0.0
2025-06-27,lingxi,0.005794550008434792,0.002961871613117264,0.0028326783953175278,0.0,0.0,0.30000000000000004,-0.1824955266282906,0.0,1.0,0.0,0.0
2025-06-30,lingxi_pitnorm,0.0013794023754663785,0.00117341358914489,0.00020598878632148844,0.2,0.0002,0.1,0.04524802137512651,1.0,0.0,1.0,0.0
2025-07-01,lingxi_pitnorm,0.0023020561854280763,0.0029431963183756548,-0.0006411401329475784,0.1,0.0001,0.1,-0.019371632389223237,0.0,0.0,1.0,0.0
2025-07-02,lingxi_pitnorm,0.00251180973634342,0.0024959253194018166,1.5884416941603502e-05,0.1,0.0001,0.1,-0.03544861850408054,0.0,0.0,1.0,0.0
2025-07-03,lingxi_pitnorm,0.001084834946291009,0.0018232053816076294,-0.0007383704353166206,0.2,0.0002,0.2,0.09379037777350163,0.0,0.0,1.0,0.0
2025-07-04,lingxi_pitnorm,0.004593747222261333,0.0023052055904318755,0.0022885416318294575,0.30000000000000004,0.00030000000000000003,0.30000000000000004,-0.015221306428561121,0.0,0.0,1.0,0.0
2025-07-07,lingxi,0.01095940001469078,0.003232574065129554,0.007726825949561225,0.1,0.0001,0.4,-0.34569715959111136,1.0,1.0,0.0,0.0
2025-07-08,lingxi,0.015652596245319342,0.0013109705175654517,0.01434162572775389,0.0,0.0,0.4,-0.3044539163266027,0.0,1.0,0.0,0.0
2025-07-09,lingxi,0.013262609008774599,0.001430610749217133,0.011831998259557466,0.1,0.0001,0.4,0.04709705877004211,0.0,1.0,0.0,0.0
2025-07-10,lingxi,0.02662543374085077,0.0025893815479119883,0.02403605219293878,0.1,0.0001,0.4,0.1299444547962345,0.0,1.0,0.0,0.0
2025-07-11,lingxi,0.026551915795867333,0.003058930959181897,0.023492984836685434,0.1,0.0001,0.4,0.025120366449048248,0.0,1.0,0.0,0.0
2025-07-14,lingxi,0.02460190467514439,0.004768207322688996,0.019833697352455392,0.1,0.0001,0.30000000000000004,0.11499246445369238,0.0,1.0,0.0,0.0
2025-07-15,lingxi,0.008347029211625834,0.006802985085280616,0.0015440441263452178,0.0,0.0,0.30000000000000004,0.18096977648061596,0.0,1.0,0.0,0.0
2025-07-16,lingxi,0.009237186850372633,0.006859524624934386,0.002377662225438247,0.1,0.0001,0.4,-0.13186334000474886,0.0,1.0,0.0,0.0
2025-07-17,lingxi,0.006276075313435833,0.007366290413892897,-0.001090215100457064,0.1,0.0001,0.4,-0.014515253026058161,0.0,1.0,0.0,0.0
2025-07-18,lingxi,0.004435920096013228,0.005202446671021373,-0.0007665265750081453,0.0,0.0,0.4,-0.009982437153880142,0.0,1.0,0.0,0.0
2025-07-21,lingxi,0.01380605739900525,0.003265730294626535,0.010540327104378716,0.0,0.0,0.4,-0.01043053728298915,0.0,1.0,0.0,0.0
2025-07-22,lingxi,0.029071691790886513,0.0023154010602748254,0.026756290730611688,0.1,0.0001,0.30000000000000004,-0.01714067526127394,0.0,1.0,0.0,0.0
2025-07-23,lingxi,0.025421690769741358,0.0027292075613774354,0.022692483208363923,0.0,0.0,0.30000000000000004,-0.005009171406484825,0.0,1.0,0.0,0.0
2025-07-24,lingxi,0.014629407862381686,-0.0032677205860949924,0.017897128448476678,0.1,0.0001,0.30000000000000004,0.007771529633966878,0.0,1.0,0.0,0.0
2025-07-25,lingxi,0.0022497699260862337,-0.003197991089070461,0.005447761015156694,0.2,0.0002,0.2,0.03323151377249545,0.0,1.0,0.0,0.0
2025-07-28,lingxi,0.0006147011648363489,-0.0027826505579462758,0.003397351722782625,0.2,0.0002,0.30000000000000004,0.09705162262459766,0.0,1.0,0.0,0.0
2025-07-29,lingxi,-0.010197277230199595,-0.002230226592401407,-0.007967050637798187,0.30000000000000004,0.00030000000000000003,0.30000000000000004,0.1434397414660431,0.0,1.0,0.0,0.0
2025-07-30,lingxi,-0.008044108425625286,-0.0013318255560619654,-0.006712282869563321,0.1,0.0001,0.30000000000000004,0.07945300844293257,0.0,1.0,0.0,0.0
2025-07-31,lingxi,-0.007963020780672446,0.0024322006625097795,-0.010395221443182227,0.1,0.0001,0.2,0.039254005005293635,0.0,1.0,0.0,0.0
2025-08-01,lingxi,-0.0028003901193597853,0.0029265633549988004,-0.005726953474358585,0.30000000000000004,0.00030000000000000003,0.4,0.31730500506052195,0.0,1.0,0.0,0.0
2025-08-04,lingxi,0.004518998858778112,0.003201541902664722,0.0013174569561133897,0.0,0.0,0.4,0.30935270141310767,0.0,1.0,0.0,0.0
2025-08-05,lingxi,0.008090414202627213,0.0022915065124637377,0.005798907690163475,0.2,0.0002,0.30000000000000004,0.16558900411511246,0.0,1.0,0.0,0.0
2025-08-06,lingxi,0.026605191492256885,0.0028623244624442273,0.023742867029812657,0.1,0.0001,0.4,0.2665951839000016,0.0,1.0,0.0,0.0
2025-08-07,lingxi,0.017179417565303664,0.0016826562319806125,0.015496761333323051,0.1,0.0001,0.30000000000000004,0.21174532633733278,0.0,1.0,0.0,0.0
2025-08-08,lingxi,0.018504131323223684,0.0041303866695800735,0.01437374465364361,0.1,0.0001,0.4,0.12064470891067458,0.0,1.0,0.0,0.0
2025-08-11,lingxi_pitnorm_gate_return_floor,0.01821075776903176,0.005162270910667858,0.013048486858363902,0.2,0.0002,0.30000000000000004,0.32203666753074955,1.0,0.0,0.0,1.0
2025-08-12,lingxi_pitnorm_gate_return_floor,0.015758877632530997,0.0040403010509759965,0.011718576581555,0.0,0.0,0.30000000000000004,0.3465900218034399,0.0,0.0,0.0,1.0
2025-08-13,lingxi_pitnorm_gate_return_floor,0.012928583968633584,0.0050677950234039775,0.007860788945229607,0.2,0.0002,0.30000000000000004,0.07063591924595869,0.0,0.0,0.0,1.0
2025-08-14,lingxi_pitnorm_gate_return_floor,0.018569029775007826,0.007078150088489557,0.011490879686518268,0.1,0.0001,0.30000000000000004,0.25169085886695797,0.0,0.0,0.0,1.0
2025-08-15,lingxi_pitnorm_gate_return_floor,0.016991837680854806,0.008590090034419804,0.008401747646435002,0.1,0.0001,0.30000000000000004,0.19336933625225328,0.0,0.0,0.0,1.0
2025-08-18,lingxi,0.014456995884216754,0.01031705195902062,0.004139943925196133,0.1,0.0001,0.30000000000000004,0.29720717153943,1.0,1.0,0.0,0.0
2025-08-19,lingxi,0.00865618623490473,0.010617985165230253,-0.001961798930325522,0.2,0.0002,0.30000000000000004,0.4115328826025859,0.0,1.0,0.0,0.0
2025-08-20,lingxi,0.012459636083229628,0.0046890012222961675,0.00777063486093346,0.2,0.0002,0.30000000000000004,0.3004064596064211,0.0,1.0,0.0,0.0
2025-08-21,lingxi,0.036780181288859105,0.007197691786515198,0.029582489502343906,0.2,0.0002,0.30000000000000004,0.26888595340930266,0.0,1.0,0.0,0.0
2025-08-22,lingxi,0.02745694210495735,0.004449380556485654,0.023007561548471694,0.1,0.0001,0.30000000000000004,0.21752332314061462,0.0,1.0,0.0,0.0
2025-08-25,lingxi_pitnorm_gate_return_floor,0.019244587344094136,0.0018489609888157968,0.01739562635527834,0.1,0.0001,0.30000000000000004,0.3365171639807265,1.0,0.0,0.0,1.0
2025-08-26,lingxi_pitnorm_gate_return_floor,0.014625217747367514,-0.00034794852478101486,0.014973166272148529,0.0,0.0,0.30000000000000004,0.3220252537650232,0.0,0.0,0.0,1.0
2025-08-27,lingxi_pitnorm_gate_return_floor,0.01579760630612415,0.001008881476610698,0.01478872482951345,0.0,0.0,0.30000000000000004,0.3487645406696771,0.0,0.0,0.0,1.0
2025-08-28,lingxi_pitnorm_gate_return_floor,-0.009150545806912673,-0.005424121810582784,-0.0037264239963298897,0.2,0.0002,0.2,0.4670244523288858,0.0,0.0,0.0,1.0
2025-08-29,lingxi_pitnorm_gate_return_floor,0.00438759909879396,-0.002373056989739583,0.006760656088533543,0.0,0.0,0.2,0.4638215073609153,0.0,0.0,0.0,1.0
2025-09-01,lingxi_pitnorm_gate_return_floor,-0.009668020422626787,-0.002015589487895239,-0.007652430934731548,0.1,0.0001,0.30000000000000004,0.22018591537339915,0.0,0.0,0.0,1.0
2025-09-02,lingxi_pitnorm_gate_return_floor,-0.009573831318572012,-0.0012387137596372056,-0.008335117558934806,0.2,0.0002,0.30000000000000004,0.24876401914244184,0.0,0.0,0.0,1.0
2025-09-03,lingxi_pitnorm_gate_return_floor,-0.008618275556625546,0.0006241848391577189,-0.009242460395783265,0.1,0.0001,0.30000000000000004,0.2137728181534051,0.0,0.0,0.0,1.0
2025-09-04,lingxi_pitnorm_gate_return_floor,0.0283637945014253,0.008247348603250753,0.020116445898174545,0.30000000000000004,0.00030000000000000003,0.30000000000000004,0.3015877495741215,0.0,0.0,0.0,1.0
2025-09-05,lingxi_pitnorm_gate_return_floor,0.0035970210994008506,0.0029333944514747367,0.0006636266479261139,0.1,0.0001,0.30000000000000004,0.22807373775207296,0.0,0.0,0.0,1.0
2025-09-08,lingxi_pitnorm,0.006382812564621414,0.0017181843698627626,0.004664628194758651,0.4,0.0004,0.1,-0.4347847570180914,1.0,0.0,1.0,0.0
2025-09-09,lingxi_pitnorm,0.005909532576121279,0.0030919728095562104,0.0028175597665650682,0.1,0.0001,0.1,-0.360017261340591,0.0,0.0,1.0,0.0
2025-09-10,lingxi_pitnorm,0.014395884214533583,0.004289275498825772,0.010106608715707812,0.2,0.0002,0.2,-0.3432860054529634,0.0,0.0,1.0,0.0
2025-09-11,lingxi_pitnorm,0.010832941609325911,-0.0019734922166462364,0.012806433825972147,0.1,0.0001,0.2,-0.3499554718833302,0.0,0.0,1.0,0.0
2025-09-12,lingxi_pitnorm,0.004832756615740315,-0.0008255772030783447,0.00565833381881866,0.2,0.0002,0.2,-0.12767897091573488,0.0,0.0,1.0,0.0
2025-09-15,lingxi_pitnorm_gate_return_floor,0.005918405742646749,-0.0008159689273669963,0.006734374670013745,0.1,0.0001,0.30000000000000004,0.07560774559189909,1.0,0.0,0.0,1.0
2025-09-16,lingxi_pitnorm_gate_return_floor,0.00706376846547661,-0.0012667914334896085,0.008330559898966219,0.2,0.0002,0.2,0.2074525553803106,0.0,0.0,0.0,1.0
2025-09-17,lingxi_pitnorm_gate_return_floor,0.004679474527771967,-0.0005750706651414127,0.00525454519291338,0.1,0.0001,0.2,0.15083996186437787,0.0,0.0,0.0,1.0
2025-09-18,lingxi_pitnorm_gate_return_floor,0.006420693374814735,0.0022229491667224827,0.0041977442080922515,0.0,0.0,0.2,0.166281195017838,0.0,0.0,0.0,1.0
2025-09-19,lingxi_pitnorm_gate_return_floor,0.00504814508183431,0.0009860237003453053,0.004062121381489005,0.0,0.0,0.2,0.13876165362456305,0.0,0.0,0.0,1.0
2025-09-22,lingxi_pitnorm_gate_return_floor,0.010340372798514654,0.0034933621754922677,0.006847010623022386,0.2,0.0002,0.1,-0.14004103085879294,0.0,0.0,0.0,1.0
2025-09-23,lingxi_pitnorm_gate_return_floor,0.014069213484578152,0.0054278827249353056,0.008641330759642848,0.1,0.0001,0.1,-0.07634209398209535,0.0,0.0,0.0,1.0
2025-09-24,lingxi_pitnorm_gate_return_floor,0.01032093595586886,0.006822995247750016,0.0034979407081188437,0.2,0.0002,0.2,-0.05103420005876558,0.0,0.0,0.0,1.0
2025-09-25,lingxi_pitnorm_gate_return_floor,-0.0034054420547502827,0.0037553123896839256,-0.007160754444434208,0.2,0.0002,0.2,0.01919472562113711,0.0,0.0,0.0,1.0
2025-09-26,lingxi_pitnorm_gate_return_floor,-0.0014281460237264842,0.0038454131345847485,-0.005273559158311233,0.2,0.0002,0.2,0.07009376960009561,0.0,0.0,0.0,1.0
2025-09-29,lingxi_pitnorm_gate_return_floor,-0.01862203562886741,-0.0006344284558707632,-0.017987607172996647,0.2,0.0002,0.2,0.1241779889030461,0.0,0.0,0.0,1.0
2025-09-30,lingxi_pitnorm_gate_return_floor,-0.01837430255703231,0.0002904770296636531,-0.018664779586695966,0.2,0.0002,0.2,0.10892132369474439,0.0,0.0,0.0,1.0
2025-10-09,lingxi_pitnorm_gate_return_floor,-0.015292544239197741,-0.0029446201921317907,-0.012347924047065952,0.1,0.0001,0.2,-0.010418027998390755,0.0,0.0,0.0,1.0
2025-10-10,lingxi_pitnorm_gate_return_floor,-0.011077593545291,-0.005054879628836661,-0.006022713916454339,0.1,0.0001,0.2,-0.07342444286988581,0.0,0.0,0.0,1.0
2025-10-13,lingxi_pitnorm_gate_return_floor,-0.009361541821404726,-0.0033228514188789193,-0.006038690402525807,0.2,0.0002,0.1,0.17061966010609808,0.0,0.0,0.0,1.0
2025-10-14,lingxi,0.012400117512439404,0.0005596212792410625,0.011840496233198342,0.30000000000000004,0.00030000000000000003,0.2,0.7897964124859698,1.0,1.0,0.0,0.0
2025-10-15,lingxi,-0.0018165726853476769,-0.0025401487987080883,0.0007235761133604114,0.30000000000000004,0.00030000000000000003,0.2,0.3593784858333784,0.0,1.0,0.0,0.0
2025-10-16,lingxi,-0.0010369182370233007,-0.0017309716677847138,0.0006940534307614131,0.30000000000000004,0.00030000000000000003,0.2,0.30770568073285176,0.0,1.0,0.0,0.0
2025-10-17,lingxi,0.012604234644444627,0.00447643859953958,0.008127796044905046,0.1,0.0001,0.2,0.35201444464031795,0.0,1.0,0.0,0.0
2025-10-20,lingxi,0.013914446423332364,0.005900937451437728,0.008013508971894637,0.30000000000000004,0.00030000000000000003,0.30000000000000004,0.13175382658220158,0.0,1.0,0.0,0.0
2025-10-21,lingxi_pitnorm,0.0027246321401897624,0.002506471964118813,0.00021816017607094928,0.2,0.0002,0.30000000000000004,-0.08722169580667227,1.0,0.0,1.0,0.0
2025-10-22,lingxi_pitnorm,0.0022830907231086166,0.00610023232693097,-0.0038171416038223533,0.5,0.0005,0.5,0.3022379974555065,0.0,0.0,1.0,0.0
2025-10-23,lingxi_pitnorm,-0.0006953325559141563,0.004029971669233887,-0.004725304225148044,0.30000000000000004,0.00030000000000000003,0.4,0.22402985254121788,0.0,0.0,1.0,0.0
2025-10-24,lingxi_pitnorm,-0.003057451970612528,0.00031387134945535015,-0.0033713233200678783,0.2,0.0002,0.5,0.11381391841622346,0.0,0.0,1.0,0.0
2025-10-27,lingxi_pitnorm,0.0007431143767575503,-0.0011589996563863734,0.0019021140331439237,0.4,0.0004,0.2,0.019917274678597607,0.0,0.0,1.0,0.0
2025-10-28,lingxi_pitnorm,0.00593758683158663,-0.0018077906772040824,0.007745377508790712,0.30000000000000004,0.00030000000000000003,0.2,-0.17590187532638168,0.0,0.0,1.0,0.0
2025-10-29,lingxi_pitnorm,0.005352566268106378,-0.003989183120435276,0.009341749388541654,0.30000000000000004,0.00030000000000000003,0.1,0.03385908099608059,0.0,0.0,1.0,0.0
2025-10-30,lingxi_pitnorm,0.007429923282740148,-0.0003600664434088888,0.0077899897261490365,0.30000000000000004,0.00030000000000000003,0.2,-0.06764881286535385,0.0,0.0,1.0,0.0
2025-10-31,lingxi_pitnorm,0.006174740989112451,0.0015010057813612794,0.004673735207751172,0.2,0.0002,0.2,0.3536536904521057,0.0,0.0,1.0,0.0
2025-11-03,lingxi_pitnorm,0.005895491844444203,0.0021812613774211667,0.0037142304670230364,0.30000000000000004,0.00030000000000000003,0.2,-0.054635732988799646,0.0,0.0,1.0,0.0
2025-11-04,lingxi,0.012051275264468335,0.0023674160689859764,0.009683859195482359,0.30000000000000004,0.00030000000000000003,0.30000000000000004,0.0765202520441477,1.0,1.0,0.0,0.0
2025-11-05,lingxi,0.000275775143393029,0.0011096688915786376,-0.0008338937481856086,0.2,0.0002,0.30000000000000004,-0.034899958635115524,0.0,1.0,0.0,0.0
2025-11-06,lingxi,-0.0028149905237283665,0.0003498184734127353,-0.0031648089971411018,0.1,0.0001,0.30000000000000004,0.022473465181874985,0.0,1.0,0.0,0.0
2025-11-07,lingxi,-0.0074981431540003946,-0.0021039204979230977,-0.005394222656077297,0.30000000000000004,0.00030000000000000003,0.30000000000000004,0.3577051020857347,0.0,1.0,0.0,0.0
2025-11-10,lingxi,-0.007971718586217568,-0.0048205090607896925,-0.003151209525427876,0.2,0.0002,0.30000000000000004,0.4101769867836005,0.0,1.0,0.0,0.0
2025-11-11,lingxi_pitnorm_gate_return_floor,-0.009195611091208204,-0.0048095463061275405,-0.004386064785080663,0.2,0.0002,0.30000000000000004,-0.19100148663799033,1.0,0.0,0.0,1.0
2025-11-12,lingxi_pitnorm_gate_return_floor,-0.0012556021462816823,-0.0036413504895746714,0.002385748343292989,0.1,0.0001,0.2,-0.18536309741049095,0.0,0.0,0.0,1.0
2025-11-13,lingxi_pitnorm_gate_return_floor,-0.007662714842661504,-0.006092362693615968,-0.001570352149045536,0.1,0.0001,0.2,-0.10257107559842282,0.0,0.0,0.0,1.0
2025-11-14,lingxi_pitnorm_gate_return_floor,-0.010595610992229417,-0.00795750390067418,-0.0026381070915552363,0.1,0.0001,0.2,-0.1810772782895924,0.0,0.0,0.0,1.0
2025-11-17,lingxi_pitnorm_gate_return_floor,-0.011075312849300524,-0.006320824559353161,-0.004754488289947363,0.1,0.0001,0.2,-0.1544391708131485,0.0,0.0,0.0,1.0
2025-11-18,lingxi_pitnorm_gate_return_floor,-0.005040498809961782,-0.0033236302664928553,-0.0017168685434689264,0.1,0.0001,0.2,-0.13958212712001483,0.0,0.0,0.0,1.0
2025-11-19,lingxi_pitnorm_gate_return_floor,-0.006191680814912962,-0.003344485312870809,-0.0028471955020421534,0.2,0.0002,0.2,-0.18314435632724013,0.0,0.0,0.0,1.0
2025-11-20,lingxi_pitnorm_gate_return_floor,-0.0027804131566517374,-0.0023924531966307183,-0.00038795996002101906,0.1,0.0001,0.2,-0.08077380907269571,0.0,0.0,0.0,1.0
2025-11-21,lingxi_pitnorm_gate_return_floor,0.010822212963168517,0.0029982885564914857,0.007823924406677032,0.2,0.0002,0.2,-0.22829673657983918,0.0,0.0,0.0,1.0
2025-11-24,lingxi_pitnorm_gate_return_floor,0.007664463889060647,0.005082487842680407,0.0025819760463802396,0.2,0.0002,0.2,-0.19584176587179059,0.0,0.0,0.0,1.0
2025-11-25,lingxi,0.004840517514313689,0.002302814445905581,0.002537703068408108,0.1,0.0001,0.2,-0.09677310865878752,1.0,1.0,0.0,0.0
2025-11-26,lingxi,-0.000238979979693059,0.0013883557807984215,-0.0016273357604914805,0.2,0.0002,0.2,-0.10584269293916648,0.0,1.0,0.0,0.0
2025-11-27,lingxi,-0.0021828763833748543,0.0012970120229033016,-0.0034798884062781556,0.1,0.0001,0.30000000000000004,-0.03336779202889062,0.0,1.0,0.0,0.0
2025-11-28,lingxi,0.0005273149157999215,0.002113564110857629,-0.0015862491950577075,0.2,0.0002,0.30000000000000004,-0.18791873360178002,0.0,1.0,0.0,0.0
2025-12-01,lingxi,0.00162912707625986,0.0005240673864112904,0.0011050596898485696,0.2,0.0002,0.30000000000000004,0.016850845150226945,0.0,1.0,0.0,0.0
2025-12-02,lingxi_pitnorm,-0.0024838604017963137,6.419816562369221e-05,-0.002548058567420006,0.2,0.0002,0.2,-0.06382905174538678,1.0,0.0,1.0,0.0
2025-12-03,lingxi_pitnorm,0.0005221338258786259,0.0012988560433613292,-0.0007767222174827033,0.2,0.0002,0.2,0.19775929698577954,0.0,0.0,1.0,0.0
2025-12-04,lingxi_pitnorm,0.0007509166766818855,-0.0005920853723176566,0.001343002048999542,0.30000000000000004,0.00030000000000000003,0.2,-0.18235529379861504,0.0,0.0,1.0,0.0
2025-12-05,lingxi_pitnorm,0.0008967925667660916,-0.0006297418340374812,0.0015265344008035728,0.2,0.0002,0.2,-0.26387638205373776,0.0,0.0,1.0,0.0
2025-12-08,lingxi_pitnorm,0.0001766810985886026,-0.002355624340980467,0.00253230543956907,0.1,0.0001,0.2,-0.1778996408238065,0.0,0.0,1.0,0.0
2025-12-09,lingxi,-0.006122095870279132,-0.0026935988751774238,-0.003428496995101708,0.1,0.0001,0.2,0.08962577476981437,1.0,1.0,0.0,0.0
2025-12-10,lingxi,-0.002184257073487634,-0.0003032643741099143,-0.00188099269937772,0.1,0.0001,0.2,0.05452342435328461,0.0,1.0,0.0,0.0
2025-12-11,lingxi,-0.0037995514804560777,0.0008504085582133807,-0.004649960038669458,0.1,0.0001,0.30000000000000004,0.1175708371100157,0.0,1.0,0.0,0.0
2025-12-12,lingxi,-0.0007104764935440877,0.0004914403353500566,-0.0012019168288941442,0.1,0.0001,0.30000000000000004,0.1373308725302671,0.0,1.0,0.0,0.0
2025-12-15,lingxi,0.004882997605765382,0.002839725099357175,0.0020432725064082075,0.0,0.0,0.30000000000000004,0.14176587851868305,0.0,1.0,0.0,0.0
2025-12-16,lingxi,0.0077919818357908,0.0045977958613406325,0.0031941859744501677,0.1,0.0001,0.30000000000000004,0.15659268463834408,0.0,1.0,0.0,0.0
2025-12-17,lingxi,0.0009627842368974629,0.00245816442943086,-0.001495380192533397,0.30000000000000004,0.00030000000000000003,0.2,0.11809822287578697,0.0,1.0,0.0,0.0
2025-12-18,lingxi,0.0051249999031803,0.0036541108833507375,0.0014708890198295629,0.1,0.0001,0.2,0.06785578898547584,0.0,1.0,0.0,0.0
2025-12-19,lingxi,0.009913156299594947,0.0031397629145682704,0.006773393385026676,0.2,0.0002,0.2,0.11516786736138229,0.0,1.0,0.0,0.0
2025-12-22,lingxi,0.0024976632637849975,0.0010554086643290279,0.0014422545994559697,0.2,0.0002,0.2,0.10532889447046756,0.0,1.0,0.0,0.0
2025-12-23,lingxi,0.007674259046712599,0.0017860927969039898,0.00588816624980861,0.1,0.0001,0.2,0.054399950208011916,0.0,1.0,0.0,0.0
2025-12-24,lingxi,0.004423205530499603,0.0005591207463392191,0.0038640847841603836,0.1,0.0001,0.2,0.03857934264064866,0.0,1.0,0.0,0.0
2025-12-25,lingxi,0.009573190456456623,0.002864153601204117,0.006709036855252506,0.1,0.0001,0.2,0.07884731366826259,0.0,1.0,0.0,0.0
2025-12-26,lingxi,0.013426621739904963,0.005717411698787327,0.007709210041117636,0.1,0.0001,0.2,0.19438103575816612,0.0,1.0,0.0,0.0
2025-12-29,lingxi,0.012143271187256019,0.00611288771818198,0.0060303834690740386,0.30000000000000004,0.00030000000000000003,0.2,0.19041013414848962,0.0,1.0,0.0,0.0
2025-12-30,lingxi_pitnorm,0.009634446362988212,0.005358893641861458,0.004275552721126754,0.30000000000000004,0.00030000000000000003,0.1,-0.054807173654555896,1.0,0.0,1.0,0.0
2025-12-31,lingxi_pitnorm,0.010803336399853397,0.007035855020725452,0.003767481379127945,0.1,0.0001,0.1,0.09611975820291008,0.0,0.0,1.0,0.0
2026-01-05,lingxi_pitnorm,0.010191355499691657,0.006223133085063758,0.003968222414627899,0.2,0.0002,0.1,0.4491189387173229,0.0,0.0,1.0,0.0
2026-01-06,lingxi_pitnorm,0.004552939160145968,0.001438891944071259,0.0031140472160747093,0.2,0.0002,0.2,0.465299363960213,0.0,0.0,1.0,0.0
2026-01-07,lingxi_pitnorm,0.0020249659522178125,0.0010909098258447658,0.0009340561263730467,0.30000000000000004,0.00030000000000000003,0.1,0.2741982852568938,0.0,0.0,1.0,0.0
2026-01-08,lingxi_pitnorm,-0.00220346900492278,0.0011086472917516501,-0.00331211629667443,0.2,0.0002,0.2,0.06339128509258529,0.0,0.0,1.0,0.0
2026-01-09,lingxi_pitnorm,-0.00566966113028288,-0.0007762612572583193,-0.004893399873024561,0.2,0.0002,0.2,0.18551433765975744,0.0,0.0,1.0,0.0
2026-01-12,lingxi_pitnorm,-0.008761211221805173,-0.0018107678213307985,-0.006950443400474375,0.1,0.0001,0.2,0.1868776280725335,0.0,0.0,1.0,0.0
2026-01-13,lingxi_pitnorm,-0.001340924680532791,-0.0003273329053769289,-0.0010135917751558621,0.30000000000000004,0.00030000000000000003,0.2,-0.062092828372442455,0.0,0.0,1.0,0.0
2026-01-14,lingxi_pitnorm,0.0007823733348190843,0.00022827554314175713,0.0005540977916773271,0.2,0.0002,0.1,0.1858687303245503,0.0,0.0,1.0,0.0
2026-01-15,lingxi_pitnorm,0.002307448153001006,0.0008370141700684529,0.0014704339829325532,0.2,0.0002,0.1,0.12089522712113876,0.0,0.0,1.0,0.0
2026-01-16,lingxi_pitnorm,0.005460515784454534,0.0017279896272880267,0.0037325261571665076,0.30000000000000004,0.00030000000000000003,0.2,0.0494368376904184,0.0,0.0,1.0,0.0
2026-01-19,lingxi_pitnorm,0.0024452285195207166,0.0010870224838462083,0.0013582060356745083,0.2,0.0002,0.2,0.10814425919419435,0.0,0.0,1.0,0.0
2026-01-20,lingxi_pitnorm,-0.002493672723142122,-0.00012961852445112306,-0.002364054198690999,0.2,0.0002,0.2,0.30261036094976745,0.0,0.0,1.0,0.0
2026-01-21,lingxi_pitnorm,0.00043096618307524774,0.0006909647560114884,-0.00025999857293624066,0.2,0.0002,0.1,0.4034249028819126,0.0,0.0,1.0,0.0
2026-01-22,lingxi_pitnorm,-0.0005091531980388028,0.0016254366936601268,-0.0021345898916989296,0.30000000000000004,0.00030000000000000003,0.2,0.706286332237692,0.0,0.0,1.0,0.0
2026-01-23,lingxi_pitnorm,-0.00172146309515812,-0.0014039391564016057,-0.00031752393875651426,0.30000000000000004,0.00030000000000000003,0.1,0.522263890212372,0.0,0.0,1.0,0.0
2026-01-26,lingxi_pitnorm,-0.004422268103359019,-0.006016864287582533,0.0015945961842235134,0.30000000000000004,0.00030000000000000003,0.2,0.25963849131898087,0.0,0.0,1.0,0.0
2026-01-27,lingxi_pitnorm,0.0016414604774460239,-0.002216000159624513,0.003857460637070537,0.2,0.0002,0.2,-0.16113021821625395,0.0,0.0,1.0,0.0
2026-01-28,lingxi_pitnorm,0.0030304494334967226,-0.00023335668188288603,0.003263806115379609,0.30000000000000004,0.00030000000000000003,0.2,-0.14918078470779506,0.0,0.0,1.0,0.0
2026-01-29,lingxi_pitnorm,0.0006932943744411891,-0.0024716817125717385,0.0031649760870129276,0.1,0.0001,0.2,-0.17111195710589655,0.0,0.0,1.0,0.0
2026-01-30,lingxi_pitnorm,0.00804874713211507,-0.0006198227827235003,0.00866856991483857,0.2,0.0002,0.2,-0.2268704152873049,0.0,0.0,1.0,0.0
2026-02-02,lingxi_pitnorm,0.009259338397397027,0.006298334680475079,0.0029610037169219483,0.2,0.0002,0.2,0.2754954701206458,0.0,0.0,1.0,0.0
2026-02-03,lingxi_pitnorm,0.005418251196711797,0.0037721939783880434,0.0016460572183237534,0.4,0.0004,0.2,-0.004081282978390277,0.0,0.0,1.0,0.0
2026-02-04,lingxi_pitnorm,0.0006058253754187226,0.0014335916873563232,-0.0008277663119376006,0.1,0.0001,0.30000000000000004,-0.04996602233701708,0.0,0.0,1.0,0.0
2026-02-05,lingxi_pitnorm,0.003100852841258246,0.0026104069369407147,0.0004904459043175314,0.2,0.0002,0.2,-0.18245306475021295,0.0,0.0,1.0,0.0
2026-02-06,lingxi_pitnorm,-0.0011387348915492888,0.0007580746124759141,-0.0018968095040252028,0.2,0.0002,0.2,-0.08034242014334936,0.0,0.0,1.0,0.0
2026-02-09,lingxi_pitnorm,0.003372596838540343,0.0005525155779259085,0.0028200812606144344,0.2,0.0002,0.2,-0.17682583283407638,0.0,0.0,1.0,0.0
2026-02-10,lingxi_pitnorm,-4.843234417041027e-05,0.0011310511134198242,-0.0011794834575902344,0.2,0.0002,0.2,0.10561494458174536,0.0,0.0,1.0,0.0
2026-02-11,lingxi_pitnorm,0.005425701294595666,0.00116788223773242,0.004257819056863246,0.30000000000000004,0.00030000000000000003,0.30000000000000004,-0.10212834131588622,0.0,0.0,1.0,0.0
2026-02-12,lingxi_pitnorm,0.006171439318457242,0.0013284227836919944,0.004843016534765248,0.30000000000000004,0.00030000000000000003,0.2,-0.07266720400912874,0.0,0.0,1.0,0.0
2026-02-13,lingxi_pitnorm,0.011863576942671787,0.004530561344147659,0.007333015598524128,0.1,0.0001,0.30000000000000004,-0.20598353282201032,0.0,0.0,1.0,0.0
2026-02-24,lingxi_pitnorm,0.0010954391571006486,-0.0008466438118666763,0.001942082968967325,0.30000000000000004,0.00030000000000000003,0.30000000000000004,0.17703317654224193,0.0,0.0,1.0,0.0
2026-02-25,lingxi_pitnorm,0.009613038735023057,-0.004015856851141398,0.013628895586164456,0.4,0.0004,0.30000000000000004,-0.13889176657415092,0.0,0.0,1.0,0.0
2026-02-26,lingxi_pitnorm,0.004391643812255697,-0.0027714302356427046,0.0071630740478984024,0.2,0.0002,0.30000000000000004,-0.02777747562897659,0.0,0.0,1.0,0.0
2026-02-27,lingxi,-0.00029156268914978236,-0.001869255101150423,0.0015776924120006405,0.1,0.0001,0.2,-0.029208493523121604,1.0,1.0,0.0,0.0
2026-03-02,lingxi,-0.006167986718880673,-0.004006892039317495,-0.002161094679563178,0.1,0.0001,0.2,0.10178447849020955,0.0,1.0,0.0,0.0
2026-03-03,lingxi,0.008090411017716945,0.0008873682302331027,0.007203042787483842,0.1,0.0001,0.2,-0.04798201813112968,0.0,1.0,0.0,0.0
2026-03-04,lingxi,0.004179595317328706,0.004448883435811143,-0.0002692881184824369,0.0,0.0,0.2,-0.03474714329248485,0.0,1.0,0.0,0.0
2026-03-05,lingxi,0.0015068803045888556,0.00295984124645844,-0.0014529609418695844,0.1,0.0001,0.2,0.11976429884134632,0.0,1.0,0.0,0.0
2026-03-06,lingxi,-0.0002569039203099609,0.0003385787817410022,-0.0005954827020509631,0.1,0.0001,0.2,0.18977303667345424,0.0,1.0,0.0,0.0
2026-03-09,lingxi,0.005812970720456761,0.0012100297795999697,0.004602940940856792,0.2,0.0002,0.2,0.13219233140623032,0.0,1.0,0.0,0.0
2026-03-10,lingxi,-0.008711269828348881,-0.002225124936258571,-0.006486144892090311,0.0,0.0,0.2,0.14618911877872165,0.0,1.0,0.0,0.0
2026-03-11,lingxi,-0.00906808870987726,-0.0032383871406873378,-0.005829701569189922,0.0,0.0,0.2,0.15862342615105973,0.0,1.0,0.0,0.0
2026-03-12,lingxi,-0.012999762332284392,-0.006306833074911082,-0.00669292925737331,0.0,0.0,0.2,0.17649330684784204,0.0,1.0,0.0,0.0
2026-03-13,lingxi,-0.010432561323009962,-0.006739236920328638,-0.0036933244026813245,0.0,0.0,0.2,0.1636658579125907,0.0,1.0,0.0,0.0
2026-03-16,lingxi,-0.012511197059116578,-0.012478341476972264,-3.2855582144313694e-05,0.0,0.0,0.2,0.15131089894769545,0.0,1.0,0.0,0.0
2026-03-17,lingxi,-0.0008050071434624395,-0.008162836249641942,0.0073578291061795024,0.0,0.0,0.2,0.10858280082163319,0.0,1.0,0.0,0.0
2026-03-18,lingxi,-0.004186183073676999,-0.006215594524937629,0.0020294114512606296,0.1,0.0001,0.2,0.1489816387017413,0.0,1.0,0.0,0.0
2026-03-19,lingxi,-0.006054988825754693,-0.005657247848204424,-0.00039774097755026876,0.1,0.0001,0.2,0.16061719974066335,0.0,1.0,0.0,0.0
2026-03-20,lingxi,-0.006343800300554168,-0.0028588577429649194,-0.003484942557589248,0.1,0.0001,0.2,0.06287820321777815,0.0,1.0,0.0,0.0
2026-03-23,lingxi,0.0006999631697785235,0.003551331820017877,-0.0028513686502393536,0.1,0.0001,0.2,-0.10504800689497529,0.0,1.0,0.0,0.0
2026-03-24,lingxi,-0.0037949327462010163,-0.0015703172239781879,-0.0022246155222228284,0.1,0.0001,0.2,-0.039732745850951545,0.0,1.0,0.0,0.0
2026-03-25,lingxi,-0.005905776723958686,-0.0011258500406617137,-0.004779926683296972,0.2,0.0002,0.2,-0.13387266342583004,0.0,1.0,0.0,0.0
2026-03-26,lingxi,-0.005049285969097869,-3.0730062026652816e-06,-0.005046212962895204,0.2,0.0002,0.2,-0.08951091850003934,0.0,1.0,0.0,0.0
2026-03-27,lingxi,-0.002384167656483056,-0.003435893660224911,0.0010517260037418551,0.1,0.0001,0.2,-0.18388145957268165,0.0,1.0,0.0,0.0
2026-03-30,lingxi,-0.0021334589394221455,-0.00287249595198108,0.0007390370125589345,0.30000000000000004,0.00030000000000000003,0.30000000000000004,-0.28162200491008704,0.0,1.0,0.0,0.0
2026-03-31,lingxi,0.010837870064348989,0.005349864509538689,0.0054880055548103,0.2,0.0002,0.2,-0.0938632397635395,0.0,1.0,0.0,0.0
2026-04-01,lingxi,0.015255246209008595,0.0005030401250614238,0.01475220608394717,0.1,0.0001,0.2,-0.25355752254331065,0.0,1.0,0.0,0.0
2026-04-02,lingxi,0.021421371011148167,0.004440364398980744,0.016981006612167424,0.1,0.0001,0.2,-0.26421407792314966,0.0,1.0,0.0,0.0
2026-04-03,lingxi,0.026884391521897904,0.006891968103893799,0.019992423418004106,0.1,0.0001,0.2,-0.0035001599961184127,0.0,1.0,0.0,0.0
2026-04-07,lingxi,0.028804586154818124,0.008533179752846638,0.020271406401971486,0.1,0.0001,0.2,0.22129442150475498,0.0,1.0,0.0,0.0
2026-04-08,lingxi,0.012056034355951163,0.0013634397220326137,0.01069259463391855,0.1,0.0001,0.2,-0.02832723106626389,0.0,1.0,0.0,0.0
2026-04-09,lingxi,0.01378252872016003,0.0044970831716942255,0.009285445548465804,0.30000000000000004,0.00030000000000000003,0.2,0.15405579752410503,0.0,1.0,0.0,0.0
2026-04-10,lingxi,0.01166324932698179,0.0014499453590156772,0.010213303967966112,0.1,0.0001,0.2,0.1893073277746602,0.0,1.0,0.0,0.0
2026-04-13,lingxi,0.007973270173616792,0.002618931789932698,0.005354338383684094,0.1,0.0001,0.2,-0.059455120712197385,0.0,1.0,0.0,0.0
2026-04-14,lingxi,0.007619691199358259,0.0009168800653162222,0.0067028111340420365,0.30000000000000004,0.00030000000000000003,0.2,0.1967791695394645,0.0,1.0,0.0,0.0
2026-04-15,lingxi,0.018949407294900408,0.0025909908503646177,0.01635841644453579,0.1,0.0001,0.2,0.1648576764996008,0.0,1.0,0.0,0.0
2026-04-16,lingxi,0.008785458812810934,0.0008969481198435478,0.007888510692967386,0.2,0.0002,0.2,0.11040862801096551,0.0,1.0,0.0,0.0
2026-04-17,lingxi,0.004233475036665215,0.0011075948934491976,0.0031258801432160173,0.0,0.0,0.2,0.13365005505062655,0.0,1.0,0.0,0.0
2026-04-20,lingxi_pitnorm_gate_return_floor,0.005501854712794259,0.00016013497246192878,0.00534171974033233,0.2,0.0002,0.2,-0.2707039769512214,1.0,0.0,0.0,1.0
2026-04-21,lingxi_pitnorm_gate_return_floor,0.0007667212171227193,-8.600583772776135e-05,0.0008527270548504807,0.4,0.0004,0.1,-0.24776018851197534,0.0,0.0,0.0,1.0
2026-04-22,lingxi_pitnorm_gate_return_floor,0.002934527681975896,0.001008511355726558,0.001926016326249338,0.4,0.0004,0.2,-0.18787633140257753,0.0,0.0,0.0,1.0
2026-04-23,lingxi_pitnorm_gate_return_floor,-0.0008825641300207523,0.0009818429004480613,-0.0018644070304688135,1.0,0.001,0.9999999999999999,-0.019974890777078258,0.0,0.0,0.0,1.0
2026-04-24,lingxi_pitnorm_gate_return_floor,0.0051004778391086645,0.0037770456930298762,0.0013234321460787882,1.0,0.001,0.1,0.24382414805904418,0.0,0.0,0.0,1.0
2026-04-27,lingxi_pitnorm_gate_return_floor,0.0037719374222332093,0.003739573850301678,3.236357193153131e-05,0.2,0.0002,0.2,-0.02110349057967653,0.0,0.0,0.0,1.0
2026-04-28,lingxi_pitnorm_gate_return_floor,0.00040822271426005385,0.00365394814766098,-0.003245725433400926,0.30000000000000004,0.00030000000000000003,0.1,-0.19008134001681043,0.0,0.0,0.0,1.0
2026-04-29,lingxi_pitnorm_gate_return_floor,0.000948052839005438,0.004121101359428897,-0.0031730485204234586,0.5,0.0005,0.1,-0.17817964298306066,0.0,0.0,0.0,1.0
2026-04-30,lingxi_pitnorm_gate_return_floor,0.00028596051838618606,0.003585529101058191,-0.003299568582672005,0.4,0.0004,0.1,0.19852567263682275,0.0,0.0,0.0,1.0
2026-05-06,lingxi_pitnorm_gate_return_floor,-0.0028114600547139144,0.0029604220283056828,-0.005771882083019597,0.4,0.0004,0.1,-0.25844727285394953,0.0,0.0,0.0,1.0
2026-05-07,lingxi,0.0045632573998517145,-0.000847456661630777,0.0054107140614824915,0.1,0.0001,0.2,0.5622471675517353,1.0,1.0,0.0,0.0
2026-05-08,lingxi,-0.0006174240488031988,-0.002454824064026826,0.0018374000152236271,0.2,0.0002,0.30000000000000004,0.1905407327532913,0.0,1.0,0.0,0.0
2026-05-11,lingxi,-0.009000361659773576,-0.005954640257929306,-0.00304572140184427,0.1,0.0001,0.2,0.2582518313304689,0.0,1.0,0.0,0.0
2026-05-12,lingxi,0.00032334200721270814,-0.0037514904388275365,0.004074832446040244,0.1,0.0001,0.30000000000000004,0.26818447804333445,0.0,1.0,0.0,0.0
2026-05-13,lingxi,-0.0007105146467627677,-0.006210645873264828,0.00550013122650206,0.1,0.0001,0.30000000000000004,0.2675331590230776,0.0,1.0,0.0,0.0
2026-05-14,lingxi,0.0011736418375520219,-0.005370700841812899,0.006544342679364921,0.1,0.0001,0.4,0.3346908740361272,0.0,1.0,0.0,0.0
2026-05-15,lingxi,0.01241372888451976,-0.002154872026180404,0.014568600910700164,0.1,0.0001,0.30000000000000004,0.4770250396579705,0.0,1.0,0.0,0.0
2026-05-18,lingxi,0.022056614343365376,0.0008512244123711932,0.021205389930994183,0.1,0.0001,0.4,0.5331003108026096,0.0,1.0,0.0,0.0
2026-05-19,lingxi,0.013882169824686761,0.00021769116139686912,0.013664478663289892,0.1,0.0001,0.4,0.31999444091069407,0.0,1.0,0.0,0.0
2026-05-20,lingxi,0.012840701127351374,-0.0007027582964442031,0.013543459423795578,0.1,0.0001,0.4,0.5299034425721665,0.0,1.0,0.0,0.0
2026-05-21,lingxi,0.024431733004547856,0.0009665204314660877,0.02346521257308177,0.2,0.0002,0.4,0.7699945705351574,0.0,1.0,0.0,0.0
2026-05-22,lingxi,0.013769435920621234,-0.0007606308043433557,0.01453006672496459,0.2,0.0002,0.30000000000000004,0.6171768968868925,0.0,1.0,0.0,0.0
2026-05-25,lingxi,0.0025663316517677347,-0.0019684497160592424,0.004534781367826977,0.2,0.0002,0.2,0.40753112217377563,0.0,1.0,0.0,0.0
2026-05-26,lingxi,-0.0036831899366712513,-0.00230082926801936,-0.0013823606686518912,0.2,0.0002,0.30000000000000004,0.28551816142314834,0.0,1.0,0.0,0.0
2026-05-27,lingxi,2.4982343043540486e-05,-0.0009567787450301291,0.0009817610880736695,0.2,0.0002,0.30000000000000004,0.37381021991204477,0.0,1.0,0.0,0.0
2026-05-28,lingxi,-0.006734958811886953,-0.002169984402095125,-0.004564974409791828,0.30000000000000004,0.00030000000000000003,0.30000000000000004,0.31401137342873753,0.0,1.0,0.0,0.0
2026-05-29,lingxi,-0.006212566687857779,-0.0034570660303733713,-0.0027555006574844073,0.30000000000000004,0.00030000000000000003,0.30000000000000004,0.41375725630559046,0.0,1.0,0.0,0.0
2026-06-01,lingxi,-0.010152975139092942,-0.00795517466549925,-0.002197800473593692,0.2,0.0002,0.30000000000000004,0.40743443313548866,0.0,1.0,0.0,0.0
2026-06-02,lingxi,0.0006934913129573152,-0.006080080052382086,0.006773571365339402,0.2,0.0002,0.4,0.20798708584278103,0.0,1.0,0.0,0.0
2026-06-03,lingxi,-0.004915832911134941,-0.007044792030517123,0.002128959119382182,0.1,0.0001,0.4,0.14932175803170367,0.0,1.0,0.0,0.0
2026-06-04,lingxi,-0.005641182936443447,-0.005648321867651279,7.1389312078324815e-06,0.2,0.0002,0.4,0.21279937391508952,0.0,1.0,0.0,0.0
2026-06-05,lingxi,0.0005089066055139591,-0.0010353643312829407,0.0015442709367969,0.1,0.0001,0.4,0.2714745459787409,0.0,1.0,0.0,0.0
2026-06-08,lingxi,0.020349140422867697,0.006099070871207042,0.014250069551660655,0.1,0.0001,0.4,0.4429576019394652,0.0,1.0,0.0,0.0
2026-06-09,lingxi,0.014631124630628071,0.00227481981775218,0.01235630481287589,0.30000000000000004,0.00030000000000000003,0.4,0.4583444314782099,0.0,1.0,0.0,0.0
2026-06-10,lingxi,0.02697048778164018,0.004653351897713033,0.02231713588392715,0.1,0.0001,0.4,0.3072340763088768,0.0,1.0,0.0,0.0
2026-06-11,lingxi_pitnorm,0.012687108118219003,0.003206287306624825,0.009480820811594178,0.2,0.0002,0.2,0.06587531989316986,1.0,0.0,1.0,0.0
